{"type":"FeatureCollection","crs":{"type":"name","properties":{"name":"EPSG:4326"}},"features":[{"type":"Feature","id":1,"geometry":{"type":"Point","coordinates":[-111.831,73.9230000000001]},"properties":{"OBJECTID":1,"LONGITUDE":-111.83099999999999,"LATITUDE":73.923,"YEAR":1590,"NORTH_SOUTH":"N"}},{"type":"Feature","id":2,"geometry":{"type":"Point","coordinates":[-111.835,74.0590000000001]},"properties":{"OBJECTID":2,"LONGITUDE":-111.83500000000001,"LATITUDE":74.059,"YEAR":1591,"NORTH_SOUTH":"N"}},{"type":"Feature","id":3,"geometry":{"type":"Point","coordinates":[-111.843,74.2040000000001]},"properties":{"OBJECTID":3,"LONGITUDE":-111.84299999999999,"LATITUDE":74.204,"YEAR":1592,"NORTH_SOUTH":"N"}},{"type":"Feature","id":4,"geometry":{"type":"Point","coordinates":[-111.842,74.3450000000001]},"properties":{"OBJECTID":4,"LONGITUDE":-111.84200000000001,"LATITUDE":74.345,"YEAR":1593,"NORTH_SOUTH":"N"}},{"type":"Feature","id":5,"geometry":{"type":"Point","coordinates":[-111.829,74.477]},"properties":{"OBJECTID":5,"LONGITUDE":-111.82900000000001,"LATITUDE":74.477,"YEAR":1594,"NORTH_SOUTH":"N"}},{"type":"Feature","id":6,"geometry":{"type":"Point","coordinates":[-111.808,74.604]},"properties":{"OBJECTID":6,"LONGITUDE":-111.80799999999999,"LATITUDE":74.604,"YEAR":1595,"NORTH_SOUTH":"N"}},{"type":"Feature","id":7,"geometry":{"type":"Point","coordinates":[-111.78,74.7300000000001]},"properties":{"OBJECTID":7,"LONGITUDE":-111.78,"LATITUDE":74.73,"YEAR":1596,"NORTH_SOUTH":"N"}},{"type":"Feature","id":8,"geometry":{"type":"Point","coordinates":[-111.748,74.8530000000001]},"properties":{"OBJECTID":8,"LONGITUDE":-111.74799999999999,"LATITUDE":74.853,"YEAR":1597,"NORTH_SOUTH":"N"}},{"type":"Feature","id":9,"geometry":{"type":"Point","coordinates":[-111.71,74.974]},"properties":{"OBJECTID":9,"LONGITUDE":-111.71000000000001,"LATITUDE":74.974,"YEAR":1598,"NORTH_SOUTH":"N"}},{"type":"Feature","id":10,"geometry":{"type":"Point","coordinates":[-111.666,75.092]},"properties":{"OBJECTID":10,"LONGITUDE":-111.666,"LATITUDE":75.092,"YEAR":1599,"NORTH_SOUTH":"N"}},{"type":"Feature","id":11,"geometry":{"type":"Point","coordinates":[-111.618,75.2070000000001]},"properties":{"OBJECTID":11,"LONGITUDE":-111.618,"LATITUDE":75.207,"YEAR":1600,"NORTH_SOUTH":"N"}},{"type":"Feature","id":12,"geometry":{"type":"Point","coordinates":[-111.564,75.3200000000001]},"properties":{"OBJECTID":12,"LONGITUDE":-111.564,"LATITUDE":75.32,"YEAR":1601,"NORTH_SOUTH":"N"}},{"type":"Feature","id":13,"geometry":{"type":"Point","coordinates":[-111.508,75.4300000000001]},"properties":{"OBJECTID":13,"LONGITUDE":-111.50800000000001,"LATITUDE":75.43,"YEAR":1602,"NORTH_SOUTH":"N"}},{"type":"Feature","id":14,"geometry":{"type":"Point","coordinates":[-111.448,75.5380000000001]},"properties":{"OBJECTID":14,"LONGITUDE":-111.44800000000001,"LATITUDE":75.538,"YEAR":1603,"NORTH_SOUTH":"N"}},{"type":"Feature","id":15,"geometry":{"type":"Point","coordinates":[-111.386,75.6440000000001]},"properties":{"OBJECTID":15,"LONGITUDE":-111.386,"LATITUDE":75.644,"YEAR":1604,"NORTH_SOUTH":"N"}},{"type":"Feature","id":16,"geometry":{"type":"Point","coordinates":[-111.323,75.7470000000001]},"properties":{"OBJECTID":16,"LONGITUDE":-111.32300000000001,"LATITUDE":75.747,"YEAR":1605,"NORTH_SOUTH":"N"}},{"type":"Feature","id":17,"geometry":{"type":"Point","coordinates":[-111.258,75.849]},"properties":{"OBJECTID":17,"LONGITUDE":-111.25800000000001,"LATITUDE":75.849,"YEAR":1606,"NORTH_SOUTH":"N"}},{"type":"Feature","id":18,"geometry":{"type":"Point","coordinates":[-111.194,75.9470000000001]},"properties":{"OBJECTID":18,"LONGITUDE":-111.19399999999999,"LATITUDE":75.947,"YEAR":1607,"NORTH_SOUTH":"N"}},{"type":"Feature","id":19,"geometry":{"type":"Point","coordinates":[-111.13,76.044]},"properties":{"OBJECTID":19,"LONGITUDE":-111.13,"LATITUDE":76.044,"YEAR":1608,"NORTH_SOUTH":"N"}},{"type":"Feature","id":20,"geometry":{"type":"Point","coordinates":[-111.068,76.138]},"properties":{"OBJECTID":20,"LONGITUDE":-111.06800000000001,"LATITUDE":76.138,"YEAR":1609,"NORTH_SOUTH":"N"}},{"type":"Feature","id":21,"geometry":{"type":"Point","coordinates":[-111.009,76.2280000000001]},"properties":{"OBJECTID":21,"LONGITUDE":-111.00899999999999,"LATITUDE":76.228,"YEAR":1610,"NORTH_SOUTH":"N"}},{"type":"Feature","id":22,"geometry":{"type":"Point","coordinates":[-110.955,76.3150000000001]},"properties":{"OBJECTID":22,"LONGITUDE":-110.95500000000001,"LATITUDE":76.315,"YEAR":1611,"NORTH_SOUTH":"N"}},{"type":"Feature","id":23,"geometry":{"type":"Point","coordinates":[-110.904,76.3990000000001]},"properties":{"OBJECTID":23,"LONGITUDE":-110.904,"LATITUDE":76.399,"YEAR":1612,"NORTH_SOUTH":"N"}},{"type":"Feature","id":24,"geometry":{"type":"Point","coordinates":[-110.86,76.4800000000001]},"properties":{"OBJECTID":24,"LONGITUDE":-110.86000000000001,"LATITUDE":76.48,"YEAR":1613,"NORTH_SOUTH":"N"}},{"type":"Feature","id":25,"geometry":{"type":"Point","coordinates":[-110.821,76.556]},"properties":{"OBJECTID":25,"LONGITUDE":-110.821,"LATITUDE":76.556,"YEAR":1614,"NORTH_SOUTH":"N"}},{"type":"Feature","id":26,"geometry":{"type":"Point","coordinates":[-110.789,76.6270000000001]},"properties":{"OBJECTID":26,"LONGITUDE":-110.78899999999999,"LATITUDE":76.627,"YEAR":1615,"NORTH_SOUTH":"N"}},{"type":"Feature","id":27,"geometry":{"type":"Point","coordinates":[-110.762,76.693]},"properties":{"OBJECTID":27,"LONGITUDE":-110.762,"LATITUDE":76.693,"YEAR":1616,"NORTH_SOUTH":"N"}},{"type":"Feature","id":28,"geometry":{"type":"Point","coordinates":[-110.742,76.753]},"properties":{"OBJECTID":28,"LONGITUDE":-110.74199999999999,"LATITUDE":76.753,"YEAR":1617,"NORTH_SOUTH":"N"}},{"type":"Feature","id":29,"geometry":{"type":"Point","coordinates":[-110.727,76.808]},"properties":{"OBJECTID":29,"LONGITUDE":-110.727,"LATITUDE":76.808,"YEAR":1618,"NORTH_SOUTH":"N"}},{"type":"Feature","id":30,"geometry":{"type":"Point","coordinates":[-110.717,76.8560000000001]},"properties":{"OBJECTID":30,"LONGITUDE":-110.71700000000001,"LATITUDE":76.856,"YEAR":1619,"NORTH_SOUTH":"N"}},{"type":"Feature","id":31,"geometry":{"type":"Point","coordinates":[-110.711,76.8980000000001]},"properties":{"OBJECTID":31,"LONGITUDE":-110.71100000000001,"LATITUDE":76.898,"YEAR":1620,"NORTH_SOUTH":"N"}},{"type":"Feature","id":32,"geometry":{"type":"Point","coordinates":[-110.707,76.9340000000001]},"properties":{"OBJECTID":32,"LONGITUDE":-110.707,"LATITUDE":76.934,"YEAR":1621,"NORTH_SOUTH":"N"}},{"type":"Feature","id":33,"geometry":{"type":"Point","coordinates":[-110.705,76.9660000000001]},"properties":{"OBJECTID":33,"LONGITUDE":-110.70500000000001,"LATITUDE":76.966,"YEAR":1622,"NORTH_SOUTH":"N"}},{"type":"Feature","id":34,"geometry":{"type":"Point","coordinates":[-110.703,76.9930000000001]},"properties":{"OBJECTID":34,"LONGITUDE":-110.703,"LATITUDE":76.993,"YEAR":1623,"NORTH_SOUTH":"N"}},{"type":"Feature","id":35,"geometry":{"type":"Point","coordinates":[-110.701,77.0160000000001]},"properties":{"OBJECTID":35,"LONGITUDE":-110.701,"LATITUDE":77.016,"YEAR":1624,"NORTH_SOUTH":"N"}},{"type":"Feature","id":36,"geometry":{"type":"Point","coordinates":[-110.698,77.0360000000001]},"properties":{"OBJECTID":36,"LONGITUDE":-110.69800000000001,"LATITUDE":77.036,"YEAR":1625,"NORTH_SOUTH":"N"}},{"type":"Feature","id":37,"geometry":{"type":"Point","coordinates":[-110.694,77.051]},"properties":{"OBJECTID":37,"LONGITUDE":-110.69399999999999,"LATITUDE":77.051,"YEAR":1626,"NORTH_SOUTH":"N"}},{"type":"Feature","id":38,"geometry":{"type":"Point","coordinates":[-110.689,77.063]},"properties":{"OBJECTID":38,"LONGITUDE":-110.689,"LATITUDE":77.063,"YEAR":1627,"NORTH_SOUTH":"N"}},{"type":"Feature","id":39,"geometry":{"type":"Point","coordinates":[-110.683,77.0720000000001]},"properties":{"OBJECTID":39,"LONGITUDE":-110.68299999999999,"LATITUDE":77.072,"YEAR":1628,"NORTH_SOUTH":"N"}},{"type":"Feature","id":40,"geometry":{"type":"Point","coordinates":[-110.675,77.078]},"properties":{"OBJECTID":40,"LONGITUDE":-110.67500000000001,"LATITUDE":77.078,"YEAR":1629,"NORTH_SOUTH":"N"}},{"type":"Feature","id":41,"geometry":{"type":"Point","coordinates":[-110.665,77.0830000000001]},"properties":{"OBJECTID":41,"LONGITUDE":-110.66499999999999,"LATITUDE":77.083,"YEAR":1630,"NORTH_SOUTH":"N"}},{"type":"Feature","id":42,"geometry":{"type":"Point","coordinates":[-110.653,77.085]},"properties":{"OBJECTID":42,"LONGITUDE":-110.65299999999999,"LATITUDE":77.085,"YEAR":1631,"NORTH_SOUTH":"N"}},{"type":"Feature","id":43,"geometry":{"type":"Point","coordinates":[-110.64,77.0860000000001]},"properties":{"OBJECTID":43,"LONGITUDE":-110.63999999999999,"LATITUDE":77.086,"YEAR":1632,"NORTH_SOUTH":"N"}},{"type":"Feature","id":44,"geometry":{"type":"Point","coordinates":[-110.624,77.085]},"properties":{"OBJECTID":44,"LONGITUDE":-110.624,"LATITUDE":77.085,"YEAR":1633,"NORTH_SOUTH":"N"}},{"type":"Feature","id":45,"geometry":{"type":"Point","coordinates":[-110.608,77.0830000000001]},"properties":{"OBJECTID":45,"LONGITUDE":-110.608,"LATITUDE":77.083,"YEAR":1634,"NORTH_SOUTH":"N"}},{"type":"Feature","id":46,"geometry":{"type":"Point","coordinates":[-110.591,77.0770000000001]},"properties":{"OBJECTID":46,"LONGITUDE":-110.59100000000001,"LATITUDE":77.077,"YEAR":1635,"NORTH_SOUTH":"N"}},{"type":"Feature","id":47,"geometry":{"type":"Point","coordinates":[-110.572,77.0710000000001]},"properties":{"OBJECTID":47,"LONGITUDE":-110.572,"LATITUDE":77.071,"YEAR":1636,"NORTH_SOUTH":"N"}},{"type":"Feature","id":48,"geometry":{"type":"Point","coordinates":[-110.553,77.0640000000001]},"properties":{"OBJECTID":48,"LONGITUDE":-110.553,"LATITUDE":77.064,"YEAR":1637,"NORTH_SOUTH":"N"}},{"type":"Feature","id":49,"geometry":{"type":"Point","coordinates":[-110.534,77.0530000000001]},"properties":{"OBJECTID":49,"LONGITUDE":-110.53399999999999,"LATITUDE":77.053,"YEAR":1638,"NORTH_SOUTH":"N"}},{"type":"Feature","id":50,"geometry":{"type":"Point","coordinates":[-110.515,77.039]},"properties":{"OBJECTID":50,"LONGITUDE":-110.51499999999999,"LATITUDE":77.039,"YEAR":1639,"NORTH_SOUTH":"N"}},{"type":"Feature","id":51,"geometry":{"type":"Point","coordinates":[-110.497,77.0240000000001]},"properties":{"OBJECTID":51,"LONGITUDE":-110.49700000000001,"LATITUDE":77.024,"YEAR":1640,"NORTH_SOUTH":"N"}},{"type":"Feature","id":52,"geometry":{"type":"Point","coordinates":[-110.479,77.0050000000001]},"properties":{"OBJECTID":52,"LONGITUDE":-110.47900000000001,"LATITUDE":77.005,"YEAR":1641,"NORTH_SOUTH":"N"}},{"type":"Feature","id":53,"geometry":{"type":"Point","coordinates":[-110.464,76.984]},"properties":{"OBJECTID":53,"LONGITUDE":-110.464,"LATITUDE":76.984,"YEAR":1642,"NORTH_SOUTH":"N"}},{"type":"Feature","id":54,"geometry":{"type":"Point","coordinates":[-110.45,76.9580000000001]},"properties":{"OBJECTID":54,"LONGITUDE":-110.44999999999999,"LATITUDE":76.958,"YEAR":1643,"NORTH_SOUTH":"N"}},{"type":"Feature","id":55,"geometry":{"type":"Point","coordinates":[-110.439,76.931]},"properties":{"OBJECTID":55,"LONGITUDE":-110.439,"LATITUDE":76.931,"YEAR":1644,"NORTH_SOUTH":"N"}},{"type":"Feature","id":56,"geometry":{"type":"Point","coordinates":[-110.431,76.8990000000001]},"properties":{"OBJECTID":56,"LONGITUDE":-110.43100000000001,"LATITUDE":76.899,"YEAR":1645,"NORTH_SOUTH":"N"}},{"type":"Feature","id":57,"geometry":{"type":"Point","coordinates":[-110.427,76.8650000000001]},"properties":{"OBJECTID":57,"LONGITUDE":-110.42699999999999,"LATITUDE":76.865,"YEAR":1646,"NORTH_SOUTH":"N"}},{"type":"Feature","id":58,"geometry":{"type":"Point","coordinates":[-110.426,76.8290000000001]},"properties":{"OBJECTID":58,"LONGITUDE":-110.42599999999999,"LATITUDE":76.829,"YEAR":1647,"NORTH_SOUTH":"N"}},{"type":"Feature","id":59,"geometry":{"type":"Point","coordinates":[-110.428,76.7900000000001]},"properties":{"OBJECTID":59,"LONGITUDE":-110.428,"LATITUDE":76.79,"YEAR":1648,"NORTH_SOUTH":"N"}},{"type":"Feature","id":60,"geometry":{"type":"Point","coordinates":[-110.435,76.7500000000001]},"properties":{"OBJECTID":60,"LONGITUDE":-110.435,"LATITUDE":76.75,"YEAR":1649,"NORTH_SOUTH":"N"}},{"type":"Feature","id":61,"geometry":{"type":"Point","coordinates":[-110.445,76.7080000000001]},"properties":{"OBJECTID":61,"LONGITUDE":-110.445,"LATITUDE":76.708,"YEAR":1650,"NORTH_SOUTH":"N"}},{"type":"Feature","id":62,"geometry":{"type":"Point","coordinates":[-110.459,76.6660000000001]},"properties":{"OBJECTID":62,"LONGITUDE":-110.459,"LATITUDE":76.666,"YEAR":1651,"NORTH_SOUTH":"N"}},{"type":"Feature","id":63,"geometry":{"type":"Point","coordinates":[-110.476,76.6220000000001]},"properties":{"OBJECTID":63,"LONGITUDE":-110.476,"LATITUDE":76.622,"YEAR":1652,"NORTH_SOUTH":"N"}},{"type":"Feature","id":64,"geometry":{"type":"Point","coordinates":[-110.496,76.578]},"properties":{"OBJECTID":64,"LONGITUDE":-110.49600000000001,"LATITUDE":76.578,"YEAR":1653,"NORTH_SOUTH":"N"}},{"type":"Feature","id":65,"geometry":{"type":"Point","coordinates":[-110.519,76.5350000000001]},"properties":{"OBJECTID":65,"LONGITUDE":-110.519,"LATITUDE":76.535,"YEAR":1654,"NORTH_SOUTH":"N"}},{"type":"Feature","id":66,"geometry":{"type":"Point","coordinates":[-110.544,76.491]},"properties":{"OBJECTID":66,"LONGITUDE":-110.54400000000001,"LATITUDE":76.491,"YEAR":1655,"NORTH_SOUTH":"N"}},{"type":"Feature","id":67,"geometry":{"type":"Point","coordinates":[-110.572,76.4470000000001]},"properties":{"OBJECTID":67,"LONGITUDE":-110.572,"LATITUDE":76.447,"YEAR":1656,"NORTH_SOUTH":"N"}},{"type":"Feature","id":68,"geometry":{"type":"Point","coordinates":[-110.602,76.405]},"properties":{"OBJECTID":68,"LONGITUDE":-110.602,"LATITUDE":76.405,"YEAR":1657,"NORTH_SOUTH":"N"}},{"type":"Feature","id":69,"geometry":{"type":"Point","coordinates":[-110.634,76.3620000000001]},"properties":{"OBJECTID":69,"LONGITUDE":-110.63399999999999,"LATITUDE":76.362,"YEAR":1658,"NORTH_SOUTH":"N"}},{"type":"Feature","id":70,"geometry":{"type":"Point","coordinates":[-110.668,76.3210000000001]},"properties":{"OBJECTID":70,"LONGITUDE":-110.668,"LATITUDE":76.321,"YEAR":1659,"NORTH_SOUTH":"N"}},{"type":"Feature","id":71,"geometry":{"type":"Point","coordinates":[-110.703,76.28]},"properties":{"OBJECTID":71,"LONGITUDE":-110.703,"LATITUDE":76.28,"YEAR":1660,"NORTH_SOUTH":"N"}},{"type":"Feature","id":72,"geometry":{"type":"Point","coordinates":[-110.739,76.2380000000001]},"properties":{"OBJECTID":72,"LONGITUDE":-110.739,"LATITUDE":76.238,"YEAR":1661,"NORTH_SOUTH":"N"}},{"type":"Feature","id":73,"geometry":{"type":"Point","coordinates":[-110.777,76.1960000000001]},"properties":{"OBJECTID":73,"LONGITUDE":-110.77699999999999,"LATITUDE":76.196,"YEAR":1662,"NORTH_SOUTH":"N"}},{"type":"Feature","id":74,"geometry":{"type":"Point","coordinates":[-110.814,76.1540000000001]},"properties":{"OBJECTID":74,"LONGITUDE":-110.814,"LATITUDE":76.154,"YEAR":1663,"NORTH_SOUTH":"N"}},{"type":"Feature","id":75,"geometry":{"type":"Point","coordinates":[-110.852,76.1100000000001]},"properties":{"OBJECTID":75,"LONGITUDE":-110.852,"LATITUDE":76.11,"YEAR":1664,"NORTH_SOUTH":"N"}},{"type":"Feature","id":76,"geometry":{"type":"Point","coordinates":[-110.89,76.066]},"properties":{"OBJECTID":76,"LONGITUDE":-110.88999999999999,"LATITUDE":76.066,"YEAR":1665,"NORTH_SOUTH":"N"}},{"type":"Feature","id":77,"geometry":{"type":"Point","coordinates":[-110.928,76.02]},"properties":{"OBJECTID":77,"LONGITUDE":-110.928,"LATITUDE":76.02,"YEAR":1666,"NORTH_SOUTH":"N"}},{"type":"Feature","id":78,"geometry":{"type":"Point","coordinates":[-110.966,75.974]},"properties":{"OBJECTID":78,"LONGITUDE":-110.96600000000001,"LATITUDE":75.974,"YEAR":1667,"NORTH_SOUTH":"N"}},{"type":"Feature","id":79,"geometry":{"type":"Point","coordinates":[-111.004,75.926]},"properties":{"OBJECTID":79,"LONGITUDE":-111.00399999999999,"LATITUDE":75.926,"YEAR":1668,"NORTH_SOUTH":"N"}},{"type":"Feature","id":80,"geometry":{"type":"Point","coordinates":[-111.043,75.8790000000001]},"properties":{"OBJECTID":80,"LONGITUDE":-111.043,"LATITUDE":75.879,"YEAR":1669,"NORTH_SOUTH":"N"}},{"type":"Feature","id":81,"geometry":{"type":"Point","coordinates":[-111.081,75.8310000000001]},"properties":{"OBJECTID":81,"LONGITUDE":-111.08099999999999,"LATITUDE":75.831,"YEAR":1670,"NORTH_SOUTH":"N"}},{"type":"Feature","id":82,"geometry":{"type":"Point","coordinates":[-111.118,75.7830000000001]},"properties":{"OBJECTID":82,"LONGITUDE":-111.118,"LATITUDE":75.783,"YEAR":1671,"NORTH_SOUTH":"N"}},{"type":"Feature","id":83,"geometry":{"type":"Point","coordinates":[-111.155,75.734]},"properties":{"OBJECTID":83,"LONGITUDE":-111.155,"LATITUDE":75.734,"YEAR":1672,"NORTH_SOUTH":"N"}},{"type":"Feature","id":84,"geometry":{"type":"Point","coordinates":[-111.192,75.6850000000001]},"properties":{"OBJECTID":84,"LONGITUDE":-111.19200000000001,"LATITUDE":75.685,"YEAR":1673,"NORTH_SOUTH":"N"}},{"type":"Feature","id":85,"geometry":{"type":"Point","coordinates":[-111.228,75.6390000000001]},"properties":{"OBJECTID":85,"LONGITUDE":-111.22800000000001,"LATITUDE":75.639,"YEAR":1674,"NORTH_SOUTH":"N"}},{"type":"Feature","id":86,"geometry":{"type":"Point","coordinates":[-111.264,75.5910000000001]},"properties":{"OBJECTID":86,"LONGITUDE":-111.26400000000001,"LATITUDE":75.591,"YEAR":1675,"NORTH_SOUTH":"N"}},{"type":"Feature","id":87,"geometry":{"type":"Point","coordinates":[-111.3,75.546]},"properties":{"OBJECTID":87,"LONGITUDE":-111.30000000000001,"LATITUDE":75.546,"YEAR":1676,"NORTH_SOUTH":"N"}},{"type":"Feature","id":88,"geometry":{"type":"Point","coordinates":[-111.337,75.503]},"properties":{"OBJECTID":88,"LONGITUDE":-111.33699999999999,"LATITUDE":75.503,"YEAR":1677,"NORTH_SOUTH":"N"}},{"type":"Feature","id":89,"geometry":{"type":"Point","coordinates":[-111.376,75.46]},"properties":{"OBJECTID":89,"LONGITUDE":-111.376,"LATITUDE":75.46,"YEAR":1678,"NORTH_SOUTH":"N"}},{"type":"Feature","id":90,"geometry":{"type":"Point","coordinates":[-111.417,75.4200000000001]},"properties":{"OBJECTID":90,"LONGITUDE":-111.417,"LATITUDE":75.42,"YEAR":1679,"NORTH_SOUTH":"N"}},{"type":"Feature","id":91,"geometry":{"type":"Point","coordinates":[-111.461,75.3820000000001]},"properties":{"OBJECTID":91,"LONGITUDE":-111.46100000000001,"LATITUDE":75.382,"YEAR":1680,"NORTH_SOUTH":"N"}},{"type":"Feature","id":92,"geometry":{"type":"Point","coordinates":[-111.51,75.3450000000001]},"properties":{"OBJECTID":92,"LONGITUDE":-111.50999999999999,"LATITUDE":75.345,"YEAR":1681,"NORTH_SOUTH":"N"}},{"type":"Feature","id":93,"geometry":{"type":"Point","coordinates":[-111.564,75.3090000000001]},"properties":{"OBJECTID":93,"LONGITUDE":-111.564,"LATITUDE":75.309,"YEAR":1682,"NORTH_SOUTH":"N"}},{"type":"Feature","id":94,"geometry":{"type":"Point","coordinates":[-111.624,75.2740000000001]},"properties":{"OBJECTID":94,"LONGITUDE":-111.624,"LATITUDE":75.274,"YEAR":1683,"NORTH_SOUTH":"N"}},{"type":"Feature","id":95,"geometry":{"type":"Point","coordinates":[-111.689,75.239]},"properties":{"OBJECTID":95,"LONGITUDE":-111.689,"LATITUDE":75.239,"YEAR":1684,"NORTH_SOUTH":"N"}},{"type":"Feature","id":96,"geometry":{"type":"Point","coordinates":[-111.759,75.2040000000001]},"properties":{"OBJECTID":96,"LONGITUDE":-111.75899999999999,"LATITUDE":75.204,"YEAR":1685,"NORTH_SOUTH":"N"}},{"type":"Feature","id":97,"geometry":{"type":"Point","coordinates":[-111.834,75.1680000000001]},"properties":{"OBJECTID":97,"LONGITUDE":-111.834,"LATITUDE":75.168,"YEAR":1686,"NORTH_SOUTH":"N"}},{"type":"Feature","id":98,"geometry":{"type":"Point","coordinates":[-111.914,75.131]},"properties":{"OBJECTID":98,"LONGITUDE":-111.91399999999999,"LATITUDE":75.131,"YEAR":1687,"NORTH_SOUTH":"N"}},{"type":"Feature","id":99,"geometry":{"type":"Point","coordinates":[-111.998,75.092]},"properties":{"OBJECTID":99,"LONGITUDE":-111.99799999999999,"LATITUDE":75.092,"YEAR":1688,"NORTH_SOUTH":"N"}},{"type":"Feature","id":100,"geometry":{"type":"Point","coordinates":[-112.087,75.0520000000001]},"properties":{"OBJECTID":100,"LONGITUDE":-112.08699999999999,"LATITUDE":75.052,"YEAR":1689,"NORTH_SOUTH":"N"}},{"type":"Feature","id":101,"geometry":{"type":"Point","coordinates":[-112.181,75.0110000000001]},"properties":{"OBJECTID":101,"LONGITUDE":-112.18100000000001,"LATITUDE":75.011,"YEAR":1690,"NORTH_SOUTH":"N"}},{"type":"Feature","id":102,"geometry":{"type":"Point","coordinates":[-112.279,74.9690000000001]},"properties":{"OBJECTID":102,"LONGITUDE":-112.279,"LATITUDE":74.969,"YEAR":1691,"NORTH_SOUTH":"N"}},{"type":"Feature","id":103,"geometry":{"type":"Point","coordinates":[-112.382,74.9270000000001]},"properties":{"OBJECTID":103,"LONGITUDE":-112.382,"LATITUDE":74.927,"YEAR":1692,"NORTH_SOUTH":"N"}},{"type":"Feature","id":104,"geometry":{"type":"Point","coordinates":[-112.49,74.883]},"properties":{"OBJECTID":104,"LONGITUDE":-112.49000000000001,"LATITUDE":74.883,"YEAR":1693,"NORTH_SOUTH":"N"}},{"type":"Feature","id":105,"geometry":{"type":"Point","coordinates":[-112.602,74.84]},"properties":{"OBJECTID":105,"LONGITUDE":-112.602,"LATITUDE":74.84,"YEAR":1694,"NORTH_SOUTH":"N"}},{"type":"Feature","id":106,"geometry":{"type":"Point","coordinates":[-112.717,74.796]},"properties":{"OBJECTID":106,"LONGITUDE":-112.71700000000001,"LATITUDE":74.796,"YEAR":1695,"NORTH_SOUTH":"N"}},{"type":"Feature","id":107,"geometry":{"type":"Point","coordinates":[-112.837,74.7520000000001]},"properties":{"OBJECTID":107,"LONGITUDE":-112.83699999999999,"LATITUDE":74.752,"YEAR":1696,"NORTH_SOUTH":"N"}},{"type":"Feature","id":108,"geometry":{"type":"Point","coordinates":[-112.961,74.7090000000001]},"properties":{"OBJECTID":108,"LONGITUDE":-112.96100000000001,"LATITUDE":74.709,"YEAR":1697,"NORTH_SOUTH":"N"}},{"type":"Feature","id":109,"geometry":{"type":"Point","coordinates":[-113.087,74.6660000000001]},"properties":{"OBJECTID":109,"LONGITUDE":-113.08699999999999,"LATITUDE":74.666,"YEAR":1698,"NORTH_SOUTH":"N"}},{"type":"Feature","id":110,"geometry":{"type":"Point","coordinates":[-113.218,74.6250000000001]},"properties":{"OBJECTID":110,"LONGITUDE":-113.21799999999999,"LATITUDE":74.625,"YEAR":1699,"NORTH_SOUTH":"N"}},{"type":"Feature","id":111,"geometry":{"type":"Point","coordinates":[-113.35,74.5820000000001]},"properties":{"OBJECTID":111,"LONGITUDE":-113.35,"LATITUDE":74.582,"YEAR":1700,"NORTH_SOUTH":"N"}},{"type":"Feature","id":112,"geometry":{"type":"Point","coordinates":[-113.484,74.5410000000001]},"properties":{"OBJECTID":112,"LONGITUDE":-113.48400000000001,"LATITUDE":74.541,"YEAR":1701,"NORTH_SOUTH":"N"}},{"type":"Feature","id":113,"geometry":{"type":"Point","coordinates":[-113.619,74.4990000000001]},"properties":{"OBJECTID":113,"LONGITUDE":-113.619,"LATITUDE":74.499,"YEAR":1702,"NORTH_SOUTH":"N"}},{"type":"Feature","id":114,"geometry":{"type":"Point","coordinates":[-113.752,74.4580000000001]},"properties":{"OBJECTID":114,"LONGITUDE":-113.75200000000001,"LATITUDE":74.458,"YEAR":1703,"NORTH_SOUTH":"N"}},{"type":"Feature","id":115,"geometry":{"type":"Point","coordinates":[-113.881,74.4160000000001]},"properties":{"OBJECTID":115,"LONGITUDE":-113.881,"LATITUDE":74.416,"YEAR":1704,"NORTH_SOUTH":"N"}},{"type":"Feature","id":116,"geometry":{"type":"Point","coordinates":[-114.005,74.3740000000001]},"properties":{"OBJECTID":116,"LONGITUDE":-114.005,"LATITUDE":74.374,"YEAR":1705,"NORTH_SOUTH":"N"}},{"type":"Feature","id":117,"geometry":{"type":"Point","coordinates":[-114.121,74.33]},"properties":{"OBJECTID":117,"LONGITUDE":-114.12100000000001,"LATITUDE":74.33,"YEAR":1706,"NORTH_SOUTH":"N"}},{"type":"Feature","id":118,"geometry":{"type":"Point","coordinates":[-114.228,74.284]},"properties":{"OBJECTID":118,"LONGITUDE":-114.22800000000001,"LATITUDE":74.284,"YEAR":1707,"NORTH_SOUTH":"N"}},{"type":"Feature","id":119,"geometry":{"type":"Point","coordinates":[-114.324,74.2350000000001]},"properties":{"OBJECTID":119,"LONGITUDE":-114.32400000000001,"LATITUDE":74.235,"YEAR":1708,"NORTH_SOUTH":"N"}},{"type":"Feature","id":120,"geometry":{"type":"Point","coordinates":[-114.409,74.183]},"properties":{"OBJECTID":120,"LONGITUDE":-114.40899999999999,"LATITUDE":74.183,"YEAR":1709,"NORTH_SOUTH":"N"}},{"type":"Feature","id":121,"geometry":{"type":"Point","coordinates":[-114.481,74.1290000000001]},"properties":{"OBJECTID":121,"LONGITUDE":-114.481,"LATITUDE":74.129,"YEAR":1710,"NORTH_SOUTH":"N"}},{"type":"Feature","id":122,"geometry":{"type":"Point","coordinates":[-114.541,74.0720000000001]},"properties":{"OBJECTID":122,"LONGITUDE":-114.541,"LATITUDE":74.072,"YEAR":1711,"NORTH_SOUTH":"N"}},{"type":"Feature","id":123,"geometry":{"type":"Point","coordinates":[-114.587,74.013]},"properties":{"OBJECTID":123,"LONGITUDE":-114.58699999999999,"LATITUDE":74.013,"YEAR":1712,"NORTH_SOUTH":"N"}},{"type":"Feature","id":124,"geometry":{"type":"Point","coordinates":[-114.62,73.9520000000001]},"properties":{"OBJECTID":124,"LONGITUDE":-114.62,"LATITUDE":73.952,"YEAR":1713,"NORTH_SOUTH":"N"}},{"type":"Feature","id":125,"geometry":{"type":"Point","coordinates":[-114.641,73.89]},"properties":{"OBJECTID":125,"LONGITUDE":-114.64099999999999,"LATITUDE":73.89,"YEAR":1714,"NORTH_SOUTH":"N"}},{"type":"Feature","id":126,"geometry":{"type":"Point","coordinates":[-114.652,73.8260000000001]},"properties":{"OBJECTID":126,"LONGITUDE":-114.65199999999999,"LATITUDE":73.826,"YEAR":1715,"NORTH_SOUTH":"N"}},{"type":"Feature","id":127,"geometry":{"type":"Point","coordinates":[-114.652,73.76]},"properties":{"OBJECTID":127,"LONGITUDE":-114.65199999999999,"LATITUDE":73.76,"YEAR":1716,"NORTH_SOUTH":"N"}},{"type":"Feature","id":128,"geometry":{"type":"Point","coordinates":[-114.645,73.6940000000001]},"properties":{"OBJECTID":128,"LONGITUDE":-114.64500000000001,"LATITUDE":73.694,"YEAR":1717,"NORTH_SOUTH":"N"}},{"type":"Feature","id":129,"geometry":{"type":"Point","coordinates":[-114.631,73.628]},"properties":{"OBJECTID":129,"LONGITUDE":-114.631,"LATITUDE":73.628,"YEAR":1718,"NORTH_SOUTH":"N"}},{"type":"Feature","id":130,"geometry":{"type":"Point","coordinates":[-114.611,73.5620000000001]},"properties":{"OBJECTID":130,"LONGITUDE":-114.61099999999999,"LATITUDE":73.562,"YEAR":1719,"NORTH_SOUTH":"N"}},{"type":"Feature","id":131,"geometry":{"type":"Point","coordinates":[-114.589,73.4990000000001]},"properties":{"OBJECTID":131,"LONGITUDE":-114.589,"LATITUDE":73.499,"YEAR":1720,"NORTH_SOUTH":"N"}},{"type":"Feature","id":132,"geometry":{"type":"Point","coordinates":[-114.566,73.438]},"properties":{"OBJECTID":132,"LONGITUDE":-114.566,"LATITUDE":73.438,"YEAR":1721,"NORTH_SOUTH":"N"}},{"type":"Feature","id":133,"geometry":{"type":"Point","coordinates":[-114.545,73.381]},"properties":{"OBJECTID":133,"LONGITUDE":-114.54499999999999,"LATITUDE":73.381,"YEAR":1722,"NORTH_SOUTH":"N"}},{"type":"Feature","id":134,"geometry":{"type":"Point","coordinates":[-114.526,73.3270000000001]},"properties":{"OBJECTID":134,"LONGITUDE":-114.52600000000001,"LATITUDE":73.327,"YEAR":1723,"NORTH_SOUTH":"N"}},{"type":"Feature","id":135,"geometry":{"type":"Point","coordinates":[-114.513,73.28]},"properties":{"OBJECTID":135,"LONGITUDE":-114.513,"LATITUDE":73.28,"YEAR":1724,"NORTH_SOUTH":"N"}},{"type":"Feature","id":136,"geometry":{"type":"Point","coordinates":[-114.506,73.2400000000001]},"properties":{"OBJECTID":136,"LONGITUDE":-114.506,"LATITUDE":73.24,"YEAR":1725,"NORTH_SOUTH":"N"}},{"type":"Feature","id":137,"geometry":{"type":"Point","coordinates":[-114.507,73.2080000000001]},"properties":{"OBJECTID":137,"LONGITUDE":-114.507,"LATITUDE":73.208,"YEAR":1726,"NORTH_SOUTH":"N"}},{"type":"Feature","id":138,"geometry":{"type":"Point","coordinates":[-114.514,73.1820000000001]},"properties":{"OBJECTID":138,"LONGITUDE":-114.51400000000001,"LATITUDE":73.182,"YEAR":1727,"NORTH_SOUTH":"N"}},{"type":"Feature","id":139,"geometry":{"type":"Point","coordinates":[-114.527,73.164]},"properties":{"OBJECTID":139,"LONGITUDE":-114.52699999999999,"LATITUDE":73.164,"YEAR":1728,"NORTH_SOUTH":"N"}},{"type":"Feature","id":140,"geometry":{"type":"Point","coordinates":[-114.543,73.152]},"properties":{"OBJECTID":140,"LONGITUDE":-114.543,"LATITUDE":73.152,"YEAR":1729,"NORTH_SOUTH":"N"}},{"type":"Feature","id":141,"geometry":{"type":"Point","coordinates":[-114.56,73.1480000000001]},"properties":{"OBJECTID":141,"LONGITUDE":-114.56,"LATITUDE":73.148,"YEAR":1730,"NORTH_SOUTH":"N"}},{"type":"Feature","id":142,"geometry":{"type":"Point","coordinates":[-114.578,73.1490000000001]},"properties":{"OBJECTID":142,"LONGITUDE":-114.578,"LATITUDE":73.149,"YEAR":1731,"NORTH_SOUTH":"N"}},{"type":"Feature","id":143,"geometry":{"type":"Point","coordinates":[-114.595,73.157]},"properties":{"OBJECTID":143,"LONGITUDE":-114.595,"LATITUDE":73.157,"YEAR":1732,"NORTH_SOUTH":"N"}},{"type":"Feature","id":144,"geometry":{"type":"Point","coordinates":[-114.609,73.171]},"properties":{"OBJECTID":144,"LONGITUDE":-114.60900000000001,"LATITUDE":73.171,"YEAR":1733,"NORTH_SOUTH":"N"}},{"type":"Feature","id":145,"geometry":{"type":"Point","coordinates":[-114.622,73.193]},"properties":{"OBJECTID":145,"LONGITUDE":-114.62200000000001,"LATITUDE":73.193,"YEAR":1734,"NORTH_SOUTH":"N"}},{"type":"Feature","id":146,"geometry":{"type":"Point","coordinates":[-114.631,73.2200000000001]},"properties":{"OBJECTID":146,"LONGITUDE":-114.631,"LATITUDE":73.22,"YEAR":1735,"NORTH_SOUTH":"N"}},{"type":"Feature","id":147,"geometry":{"type":"Point","coordinates":[-114.639,73.251]},"properties":{"OBJECTID":147,"LONGITUDE":-114.63900000000001,"LATITUDE":73.251,"YEAR":1736,"NORTH_SOUTH":"N"}},{"type":"Feature","id":148,"geometry":{"type":"Point","coordinates":[-114.644,73.289]},"properties":{"OBJECTID":148,"LONGITUDE":-114.644,"LATITUDE":73.289,"YEAR":1737,"NORTH_SOUTH":"N"}},{"type":"Feature","id":149,"geometry":{"type":"Point","coordinates":[-114.646,73.328]},"properties":{"OBJECTID":149,"LONGITUDE":-114.64599999999999,"LATITUDE":73.328,"YEAR":1738,"NORTH_SOUTH":"N"}},{"type":"Feature","id":150,"geometry":{"type":"Point","coordinates":[-114.643,73.3700000000001]},"properties":{"OBJECTID":150,"LONGITUDE":-114.643,"LATITUDE":73.37,"YEAR":1739,"NORTH_SOUTH":"N"}},{"type":"Feature","id":151,"geometry":{"type":"Point","coordinates":[-114.635,73.4130000000001]},"properties":{"OBJECTID":151,"LONGITUDE":-114.63499999999999,"LATITUDE":73.413,"YEAR":1740,"NORTH_SOUTH":"N"}},{"type":"Feature","id":152,"geometry":{"type":"Point","coordinates":[-114.621,73.4560000000001]},"properties":{"OBJECTID":152,"LONGITUDE":-114.62100000000001,"LATITUDE":73.456,"YEAR":1741,"NORTH_SOUTH":"N"}},{"type":"Feature","id":153,"geometry":{"type":"Point","coordinates":[-114.601,73.5000000000001]},"properties":{"OBJECTID":153,"LONGITUDE":-114.601,"LATITUDE":73.5,"YEAR":1742,"NORTH_SOUTH":"N"}},{"type":"Feature","id":154,"geometry":{"type":"Point","coordinates":[-114.573,73.542]},"properties":{"OBJECTID":154,"LONGITUDE":-114.57300000000001,"LATITUDE":73.542,"YEAR":1743,"NORTH_SOUTH":"N"}},{"type":"Feature","id":155,"geometry":{"type":"Point","coordinates":[-114.539,73.585]},"properties":{"OBJECTID":155,"LONGITUDE":-114.53899999999999,"LATITUDE":73.585,"YEAR":1744,"NORTH_SOUTH":"N"}},{"type":"Feature","id":156,"geometry":{"type":"Point","coordinates":[-114.499,73.628]},"properties":{"OBJECTID":156,"LONGITUDE":-114.499,"LATITUDE":73.628,"YEAR":1745,"NORTH_SOUTH":"N"}},{"type":"Feature","id":157,"geometry":{"type":"Point","coordinates":[-114.453,73.6700000000001]},"properties":{"OBJECTID":157,"LONGITUDE":-114.453,"LATITUDE":73.67,"YEAR":1746,"NORTH_SOUTH":"N"}},{"type":"Feature","id":158,"geometry":{"type":"Point","coordinates":[-114.401,73.712]},"properties":{"OBJECTID":158,"LONGITUDE":-114.40100000000001,"LATITUDE":73.712,"YEAR":1747,"NORTH_SOUTH":"N"}},{"type":"Feature","id":159,"geometry":{"type":"Point","coordinates":[-114.343,73.7550000000001]},"properties":{"OBJECTID":159,"LONGITUDE":-114.34299999999999,"LATITUDE":73.755,"YEAR":1748,"NORTH_SOUTH":"N"}},{"type":"Feature","id":160,"geometry":{"type":"Point","coordinates":[-114.277,73.799]},"properties":{"OBJECTID":160,"LONGITUDE":-114.27699999999999,"LATITUDE":73.799,"YEAR":1749,"NORTH_SOUTH":"N"}},{"type":"Feature","id":161,"geometry":{"type":"Point","coordinates":[-114.204,73.8440000000001]},"properties":{"OBJECTID":161,"LONGITUDE":-114.20400000000001,"LATITUDE":73.844,"YEAR":1750,"NORTH_SOUTH":"N"}},{"type":"Feature","id":162,"geometry":{"type":"Point","coordinates":[-114.121,73.8890000000001]},"properties":{"OBJECTID":162,"LONGITUDE":-114.12100000000001,"LATITUDE":73.889,"YEAR":1751,"NORTH_SOUTH":"N"}},{"type":"Feature","id":163,"geometry":{"type":"Point","coordinates":[-114.026,73.933]},"properties":{"OBJECTID":163,"LONGITUDE":-114.02600000000001,"LATITUDE":73.933,"YEAR":1752,"NORTH_SOUTH":"N"}},{"type":"Feature","id":164,"geometry":{"type":"Point","coordinates":[-113.92,73.9780000000001]},"properties":{"OBJECTID":164,"LONGITUDE":-113.91999999999999,"LATITUDE":73.978,"YEAR":1753,"NORTH_SOUTH":"N"}},{"type":"Feature","id":165,"geometry":{"type":"Point","coordinates":[-113.796,74.02]},"properties":{"OBJECTID":165,"LONGITUDE":-113.79599999999999,"LATITUDE":74.02,"YEAR":1754,"NORTH_SOUTH":"N"}},{"type":"Feature","id":166,"geometry":{"type":"Point","coordinates":[-113.652,74.0570000000001]},"properties":{"OBJECTID":166,"LONGITUDE":-113.65199999999999,"LATITUDE":74.057,"YEAR":1755,"NORTH_SOUTH":"N"}},{"type":"Feature","id":167,"geometry":{"type":"Point","coordinates":[-113.486,74.09]},"properties":{"OBJECTID":167,"LONGITUDE":-113.48599999999999,"LATITUDE":74.09,"YEAR":1756,"NORTH_SOUTH":"N"}},{"type":"Feature","id":168,"geometry":{"type":"Point","coordinates":[-113.296,74.1150000000001]},"properties":{"OBJECTID":168,"LONGITUDE":-113.29599999999999,"LATITUDE":74.115,"YEAR":1757,"NORTH_SOUTH":"N"}},{"type":"Feature","id":169,"geometry":{"type":"Point","coordinates":[-113.082,74.135]},"properties":{"OBJECTID":169,"LONGITUDE":-113.082,"LATITUDE":74.135,"YEAR":1758,"NORTH_SOUTH":"N"}},{"type":"Feature","id":170,"geometry":{"type":"Point","coordinates":[-112.846,74.1460000000001]},"properties":{"OBJECTID":170,"LONGITUDE":-112.846,"LATITUDE":74.146,"YEAR":1759,"NORTH_SOUTH":"N"}},{"type":"Feature","id":171,"geometry":{"type":"Point","coordinates":[-112.59,74.15]},"properties":{"OBJECTID":171,"LONGITUDE":-112.59,"LATITUDE":74.15,"YEAR":1760,"NORTH_SOUTH":"N"}},{"type":"Feature","id":172,"geometry":{"type":"Point","coordinates":[-112.318,74.1480000000001]},"properties":{"OBJECTID":172,"LONGITUDE":-112.31800000000001,"LATITUDE":74.148,"YEAR":1761,"NORTH_SOUTH":"N"}},{"type":"Feature","id":173,"geometry":{"type":"Point","coordinates":[-112.031,74.138]},"properties":{"OBJECTID":173,"LONGITUDE":-112.031,"LATITUDE":74.138,"YEAR":1762,"NORTH_SOUTH":"N"}},{"type":"Feature","id":174,"geometry":{"type":"Point","coordinates":[-111.732,74.121]},"properties":{"OBJECTID":174,"LONGITUDE":-111.732,"LATITUDE":74.121,"YEAR":1763,"NORTH_SOUTH":"N"}},{"type":"Feature","id":175,"geometry":{"type":"Point","coordinates":[-111.421,74.0980000000001]},"properties":{"OBJECTID":175,"LONGITUDE":-111.42099999999999,"LATITUDE":74.098,"YEAR":1764,"NORTH_SOUTH":"N"}},{"type":"Feature","id":176,"geometry":{"type":"Point","coordinates":[-111.1,74.0690000000001]},"properties":{"OBJECTID":176,"LONGITUDE":-111.1,"LATITUDE":74.069,"YEAR":1765,"NORTH_SOUTH":"N"}},{"type":"Feature","id":177,"geometry":{"type":"Point","coordinates":[-110.766,74.032]},"properties":{"OBJECTID":177,"LONGITUDE":-110.76599999999999,"LATITUDE":74.032,"YEAR":1766,"NORTH_SOUTH":"N"}},{"type":"Feature","id":178,"geometry":{"type":"Point","coordinates":[-110.421,73.9870000000001]},"properties":{"OBJECTID":178,"LONGITUDE":-110.42099999999999,"LATITUDE":73.987,"YEAR":1767,"NORTH_SOUTH":"N"}},{"type":"Feature","id":179,"geometry":{"type":"Point","coordinates":[-110.067,73.9390000000001]},"properties":{"OBJECTID":179,"LONGITUDE":-110.06700000000001,"LATITUDE":73.939,"YEAR":1768,"NORTH_SOUTH":"N"}},{"type":"Feature","id":180,"geometry":{"type":"Point","coordinates":[-109.706,73.885]},"properties":{"OBJECTID":180,"LONGITUDE":-109.70599999999999,"LATITUDE":73.885,"YEAR":1769,"NORTH_SOUTH":"N"}},{"type":"Feature","id":181,"geometry":{"type":"Point","coordinates":[-109.344,73.828]},"properties":{"OBJECTID":181,"LONGITUDE":-109.344,"LATITUDE":73.828,"YEAR":1770,"NORTH_SOUTH":"N"}},{"type":"Feature","id":182,"geometry":{"type":"Point","coordinates":[-108.985,73.7690000000001]},"properties":{"OBJECTID":182,"LONGITUDE":-108.98500000000001,"LATITUDE":73.769,"YEAR":1771,"NORTH_SOUTH":"N"}},{"type":"Feature","id":183,"geometry":{"type":"Point","coordinates":[-108.634,73.7060000000001]},"properties":{"OBJECTID":183,"LONGITUDE":-108.63399999999999,"LATITUDE":73.706,"YEAR":1772,"NORTH_SOUTH":"N"}},{"type":"Feature","id":184,"geometry":{"type":"Point","coordinates":[-108.293,73.64]},"properties":{"OBJECTID":184,"LONGITUDE":-108.293,"LATITUDE":73.64,"YEAR":1773,"NORTH_SOUTH":"N"}},{"type":"Feature","id":185,"geometry":{"type":"Point","coordinates":[-107.965,73.5720000000001]},"properties":{"OBJECTID":185,"LONGITUDE":-107.965,"LATITUDE":73.572,"YEAR":1774,"NORTH_SOUTH":"N"}},{"type":"Feature","id":186,"geometry":{"type":"Point","coordinates":[-107.653,73.501]},"properties":{"OBJECTID":186,"LONGITUDE":-107.65299999999999,"LATITUDE":73.501,"YEAR":1775,"NORTH_SOUTH":"N"}},{"type":"Feature","id":187,"geometry":{"type":"Point","coordinates":[-107.355,73.429]},"properties":{"OBJECTID":187,"LONGITUDE":-107.35499999999999,"LATITUDE":73.429,"YEAR":1776,"NORTH_SOUTH":"N"}},{"type":"Feature","id":188,"geometry":{"type":"Point","coordinates":[-107.072,73.3570000000001]},"properties":{"OBJECTID":188,"LONGITUDE":-107.072,"LATITUDE":73.357,"YEAR":1777,"NORTH_SOUTH":"N"}},{"type":"Feature","id":189,"geometry":{"type":"Point","coordinates":[-106.8,73.2810000000001]},"properties":{"OBJECTID":189,"LONGITUDE":-106.80000000000001,"LATITUDE":73.281,"YEAR":1778,"NORTH_SOUTH":"N"}},{"type":"Feature","id":190,"geometry":{"type":"Point","coordinates":[-106.537,73.203]},"properties":{"OBJECTID":190,"LONGITUDE":-106.537,"LATITUDE":73.203,"YEAR":1779,"NORTH_SOUTH":"N"}},{"type":"Feature","id":191,"geometry":{"type":"Point","coordinates":[-106.28,73.1200000000001]},"properties":{"OBJECTID":191,"LONGITUDE":-106.28,"LATITUDE":73.12,"YEAR":1780,"NORTH_SOUTH":"N"}},{"type":"Feature","id":192,"geometry":{"type":"Point","coordinates":[-106.027,73.0350000000001]},"properties":{"OBJECTID":192,"LONGITUDE":-106.02699999999999,"LATITUDE":73.035,"YEAR":1781,"NORTH_SOUTH":"N"}},{"type":"Feature","id":193,"geometry":{"type":"Point","coordinates":[-105.775,72.9450000000001]},"properties":{"OBJECTID":193,"LONGITUDE":-105.775,"LATITUDE":72.945,"YEAR":1782,"NORTH_SOUTH":"N"}},{"type":"Feature","id":194,"geometry":{"type":"Point","coordinates":[-105.521,72.8500000000001]},"properties":{"OBJECTID":194,"LONGITUDE":-105.52099999999999,"LATITUDE":72.85,"YEAR":1783,"NORTH_SOUTH":"N"}},{"type":"Feature","id":195,"geometry":{"type":"Point","coordinates":[-105.265,72.753]},"properties":{"OBJECTID":195,"LONGITUDE":-105.26499999999999,"LATITUDE":72.753,"YEAR":1784,"NORTH_SOUTH":"N"}},{"type":"Feature","id":196,"geometry":{"type":"Point","coordinates":[-105.006,72.6490000000001]},"properties":{"OBJECTID":196,"LONGITUDE":-105.006,"LATITUDE":72.649,"YEAR":1785,"NORTH_SOUTH":"N"}},{"type":"Feature","id":197,"geometry":{"type":"Point","coordinates":[-104.745,72.542]},"properties":{"OBJECTID":197,"LONGITUDE":-104.745,"LATITUDE":72.542,"YEAR":1786,"NORTH_SOUTH":"N"}},{"type":"Feature","id":198,"geometry":{"type":"Point","coordinates":[-104.485,72.433]},"properties":{"OBJECTID":198,"LONGITUDE":-104.48500000000001,"LATITUDE":72.433,"YEAR":1787,"NORTH_SOUTH":"N"}},{"type":"Feature","id":199,"geometry":{"type":"Point","coordinates":[-104.231,72.3260000000001]},"properties":{"OBJECTID":199,"LONGITUDE":-104.231,"LATITUDE":72.326,"YEAR":1788,"NORTH_SOUTH":"N"}},{"type":"Feature","id":200,"geometry":{"type":"Point","coordinates":[-103.984,72.2230000000001]},"properties":{"OBJECTID":200,"LONGITUDE":-103.98399999999998,"LATITUDE":72.223,"YEAR":1789,"NORTH_SOUTH":"N"}},{"type":"Feature","id":201,"geometry":{"type":"Point","coordinates":[-103.749,72.1270000000001]},"properties":{"OBJECTID":201,"LONGITUDE":-103.74900000000002,"LATITUDE":72.127,"YEAR":1790,"NORTH_SOUTH":"N"}},{"type":"Feature","id":202,"geometry":{"type":"Point","coordinates":[-103.527,72.0400000000001]},"properties":{"OBJECTID":202,"LONGITUDE":-103.52699999999999,"LATITUDE":72.04,"YEAR":1791,"NORTH_SOUTH":"N"}},{"type":"Feature","id":203,"geometry":{"type":"Point","coordinates":[-103.317,71.96]},"properties":{"OBJECTID":203,"LONGITUDE":-103.31700000000001,"LATITUDE":71.96,"YEAR":1792,"NORTH_SOUTH":"N"}},{"type":"Feature","id":204,"geometry":{"type":"Point","coordinates":[-103.118,71.89]},"properties":{"OBJECTID":204,"LONGITUDE":-103.118,"LATITUDE":71.89,"YEAR":1793,"NORTH_SOUTH":"N"}},{"type":"Feature","id":205,"geometry":{"type":"Point","coordinates":[-102.927,71.825]},"properties":{"OBJECTID":205,"LONGITUDE":-102.92700000000002,"LATITUDE":71.825,"YEAR":1794,"NORTH_SOUTH":"N"}},{"type":"Feature","id":206,"geometry":{"type":"Point","coordinates":[-102.74,71.7670000000001]},"properties":{"OBJECTID":206,"LONGITUDE":-102.74000000000001,"LATITUDE":71.767,"YEAR":1795,"NORTH_SOUTH":"N"}},{"type":"Feature","id":207,"geometry":{"type":"Point","coordinates":[-102.555,71.712]},"properties":{"OBJECTID":207,"LONGITUDE":-102.555,"LATITUDE":71.712,"YEAR":1796,"NORTH_SOUTH":"N"}},{"type":"Feature","id":208,"geometry":{"type":"Point","coordinates":[-102.371,71.662]},"properties":{"OBJECTID":208,"LONGITUDE":-102.37099999999998,"LATITUDE":71.662,"YEAR":1797,"NORTH_SOUTH":"N"}},{"type":"Feature","id":209,"geometry":{"type":"Point","coordinates":[-102.187,71.6150000000001]},"properties":{"OBJECTID":209,"LONGITUDE":-102.18700000000001,"LATITUDE":71.615,"YEAR":1798,"NORTH_SOUTH":"N"}},{"type":"Feature","id":210,"geometry":{"type":"Point","coordinates":[-102.005,71.5740000000001]},"properties":{"OBJECTID":210,"LONGITUDE":-102.005,"LATITUDE":71.574,"YEAR":1799,"NORTH_SOUTH":"N"}},{"type":"Feature","id":211,"geometry":{"type":"Point","coordinates":[-101.821,71.534]},"properties":{"OBJECTID":211,"LONGITUDE":-101.82100000000003,"LATITUDE":71.534,"YEAR":1800,"NORTH_SOUTH":"N"}},{"type":"Feature","id":212,"geometry":{"type":"Point","coordinates":[-101.635,71.4950000000001]},"properties":{"OBJECTID":212,"LONGITUDE":-101.63499999999999,"LATITUDE":71.495,"YEAR":1801,"NORTH_SOUTH":"N"}},{"type":"Feature","id":213,"geometry":{"type":"Point","coordinates":[-101.449,71.4570000000001]},"properties":{"OBJECTID":213,"LONGITUDE":-101.44900000000001,"LATITUDE":71.457,"YEAR":1802,"NORTH_SOUTH":"N"}},{"type":"Feature","id":214,"geometry":{"type":"Point","coordinates":[-101.261,71.417]},"properties":{"OBJECTID":214,"LONGITUDE":-101.26100000000002,"LATITUDE":71.417,"YEAR":1803,"NORTH_SOUTH":"N"}},{"type":"Feature","id":215,"geometry":{"type":"Point","coordinates":[-101.075,71.3750000000001]},"properties":{"OBJECTID":215,"LONGITUDE":-101.07499999999999,"LATITUDE":71.375,"YEAR":1804,"NORTH_SOUTH":"N"}},{"type":"Feature","id":216,"geometry":{"type":"Point","coordinates":[-100.891,71.3310000000001]},"properties":{"OBJECTID":216,"LONGITUDE":-100.89100000000002,"LATITUDE":71.331,"YEAR":1805,"NORTH_SOUTH":"N"}},{"type":"Feature","id":217,"geometry":{"type":"Point","coordinates":[-100.71,71.284]},"properties":{"OBJECTID":217,"LONGITUDE":-100.70999999999998,"LATITUDE":71.284,"YEAR":1806,"NORTH_SOUTH":"N"}},{"type":"Feature","id":218,"geometry":{"type":"Point","coordinates":[-100.532,71.2350000000001]},"properties":{"OBJECTID":218,"LONGITUDE":-100.53199999999998,"LATITUDE":71.235,"YEAR":1807,"NORTH_SOUTH":"N"}},{"type":"Feature","id":219,"geometry":{"type":"Point","coordinates":[-100.358,71.1850000000001]},"properties":{"OBJECTID":219,"LONGITUDE":-100.358,"LATITUDE":71.185,"YEAR":1808,"NORTH_SOUTH":"N"}},{"type":"Feature","id":220,"geometry":{"type":"Point","coordinates":[-100.189,71.1340000000001]},"properties":{"OBJECTID":220,"LONGITUDE":-100.18900000000002,"LATITUDE":71.134,"YEAR":1809,"NORTH_SOUTH":"N"}},{"type":"Feature","id":221,"geometry":{"type":"Point","coordinates":[-100.024,71.0820000000001]},"properties":{"OBJECTID":221,"LONGITUDE":-100.024,"LATITUDE":71.082,"YEAR":1810,"NORTH_SOUTH":"N"}},{"type":"Feature","id":222,"geometry":{"type":"Point","coordinates":[-99.8629999999999,71.032]},"properties":{"OBJECTID":222,"LONGITUDE":-99.863,"LATITUDE":71.032,"YEAR":1811,"NORTH_SOUTH":"N"}},{"type":"Feature","id":223,"geometry":{"type":"Point","coordinates":[-99.708,70.9830000000001]},"properties":{"OBJECTID":223,"LONGITUDE":-99.708000000000027,"LATITUDE":70.983,"YEAR":1812,"NORTH_SOUTH":"N"}},{"type":"Feature","id":224,"geometry":{"type":"Point","coordinates":[-99.559,70.938]},"properties":{"OBJECTID":224,"LONGITUDE":-99.559000000000026,"LATITUDE":70.938,"YEAR":1813,"NORTH_SOUTH":"N"}},{"type":"Feature","id":225,"geometry":{"type":"Point","coordinates":[-99.417,70.897]},"properties":{"OBJECTID":225,"LONGITUDE":-99.416999999999973,"LATITUDE":70.897,"YEAR":1814,"NORTH_SOUTH":"N"}},{"type":"Feature","id":226,"geometry":{"type":"Point","coordinates":[-99.2809999999999,70.859]},"properties":{"OBJECTID":226,"LONGITUDE":-99.281,"LATITUDE":70.859,"YEAR":1815,"NORTH_SOUTH":"N"}},{"type":"Feature","id":227,"geometry":{"type":"Point","coordinates":[-99.153,70.825]},"properties":{"OBJECTID":227,"LONGITUDE":-99.15300000000002,"LATITUDE":70.825,"YEAR":1816,"NORTH_SOUTH":"N"}},{"type":"Feature","id":228,"geometry":{"type":"Point","coordinates":[-99.034,70.7950000000001]},"properties":{"OBJECTID":228,"LONGITUDE":-99.033999999999992,"LATITUDE":70.795,"YEAR":1817,"NORTH_SOUTH":"N"}},{"type":"Feature","id":229,"geometry":{"type":"Point","coordinates":[-98.9229999999999,70.768]},"properties":{"OBJECTID":229,"LONGITUDE":-98.923,"LATITUDE":70.768,"YEAR":1818,"NORTH_SOUTH":"N"}},{"type":"Feature","id":230,"geometry":{"type":"Point","coordinates":[-98.821,70.744]},"properties":{"OBJECTID":230,"LONGITUDE":-98.821000000000026,"LATITUDE":70.744,"YEAR":1819,"NORTH_SOUTH":"N"}},{"type":"Feature","id":231,"geometry":{"type":"Point","coordinates":[-98.725,70.722]},"properties":{"OBJECTID":231,"LONGITUDE":-98.725000000000023,"LATITUDE":70.722,"YEAR":1820,"NORTH_SOUTH":"N"}},{"type":"Feature","id":232,"geometry":{"type":"Point","coordinates":[-98.633,70.6990000000001]},"properties":{"OBJECTID":232,"LONGITUDE":-98.632999999999981,"LATITUDE":70.699,"YEAR":1821,"NORTH_SOUTH":"N"}},{"type":"Feature","id":233,"geometry":{"type":"Point","coordinates":[-98.544,70.6770000000001]},"properties":{"OBJECTID":233,"LONGITUDE":-98.543999999999983,"LATITUDE":70.677,"YEAR":1822,"NORTH_SOUTH":"N"}},{"type":"Feature","id":234,"geometry":{"type":"Point","coordinates":[-98.454,70.6530000000001]},"properties":{"OBJECTID":234,"LONGITUDE":-98.454000000000008,"LATITUDE":70.653,"YEAR":1823,"NORTH_SOUTH":"N"}},{"type":"Feature","id":235,"geometry":{"type":"Point","coordinates":[-98.3679999999999,70.6270000000001]},"properties":{"OBJECTID":235,"LONGITUDE":-98.368,"LATITUDE":70.627,"YEAR":1824,"NORTH_SOUTH":"N"}},{"type":"Feature","id":236,"geometry":{"type":"Point","coordinates":[-98.295,70.602]},"properties":{"OBJECTID":236,"LONGITUDE":-98.295000000000016,"LATITUDE":70.602,"YEAR":1825,"NORTH_SOUTH":"N"}},{"type":"Feature","id":237,"geometry":{"type":"Point","coordinates":[-98.2449999999999,70.5790000000001]},"properties":{"OBJECTID":237,"LONGITUDE":-98.245,"LATITUDE":70.579,"YEAR":1826,"NORTH_SOUTH":"N"}},{"type":"Feature","id":238,"geometry":{"type":"Point","coordinates":[-98.211,70.5570000000001]},"properties":{"OBJECTID":238,"LONGITUDE":-98.211000000000013,"LATITUDE":70.557,"YEAR":1827,"NORTH_SOUTH":"N"}},{"type":"Feature","id":239,"geometry":{"type":"Point","coordinates":[-98.187,70.5330000000001]},"properties":{"OBJECTID":239,"LONGITUDE":-98.187000000000012,"LATITUDE":70.533,"YEAR":1828,"NORTH_SOUTH":"N"}},{"type":"Feature","id":240,"geometry":{"type":"Point","coordinates":[-98.164,70.5040000000001]},"properties":{"OBJECTID":240,"LONGITUDE":-98.163999999999987,"LATITUDE":70.504,"YEAR":1829,"NORTH_SOUTH":"N"}},{"type":"Feature","id":241,"geometry":{"type":"Point","coordinates":[-98.128,70.4640000000001]},"properties":{"OBJECTID":241,"LONGITUDE":-98.127999999999986,"LATITUDE":70.464,"YEAR":1830,"NORTH_SOUTH":"N"}},{"type":"Feature","id":242,"geometry":{"type":"Point","coordinates":[-98.069,70.4110000000001]},"properties":{"OBJECTID":242,"LONGITUDE":-98.069000000000017,"LATITUDE":70.411,"YEAR":1831,"NORTH_SOUTH":"N"}},{"type":"Feature","id":243,"geometry":{"type":"Point","coordinates":[-97.989,70.3460000000001]},"properties":{"OBJECTID":243,"LONGITUDE":-97.988999999999976,"LATITUDE":70.346,"YEAR":1832,"NORTH_SOUTH":"N"}},{"type":"Feature","id":244,"geometry":{"type":"Point","coordinates":[-97.8919999999999,70.2710000000001]},"properties":{"OBJECTID":244,"LONGITUDE":-97.892,"LATITUDE":70.271,"YEAR":1833,"NORTH_SOUTH":"N"}},{"type":"Feature","id":245,"geometry":{"type":"Point","coordinates":[-97.7789999999999,70.1890000000001]},"properties":{"OBJECTID":245,"LONGITUDE":-97.779,"LATITUDE":70.189,"YEAR":1834,"NORTH_SOUTH":"N"}},{"type":"Feature","id":246,"geometry":{"type":"Point","coordinates":[-97.65,70.1050000000001]},"properties":{"OBJECTID":246,"LONGITUDE":-97.649999999999977,"LATITUDE":70.105,"YEAR":1835,"NORTH_SOUTH":"N"}},{"type":"Feature","id":247,"geometry":{"type":"Point","coordinates":[-97.504,70.0210000000001]},"properties":{"OBJECTID":247,"LONGITUDE":-97.504000000000019,"LATITUDE":70.021,"YEAR":1836,"NORTH_SOUTH":"N"}},{"type":"Feature","id":248,"geometry":{"type":"Point","coordinates":[-97.343,69.936]},"properties":{"OBJECTID":248,"LONGITUDE":-97.343000000000018,"LATITUDE":69.936,"YEAR":1837,"NORTH_SOUTH":"N"}},{"type":"Feature","id":249,"geometry":{"type":"Point","coordinates":[-97.171,69.8480000000001]},"properties":{"OBJECTID":249,"LONGITUDE":-97.170999999999992,"LATITUDE":69.848,"YEAR":1838,"NORTH_SOUTH":"N"}},{"type":"Feature","id":250,"geometry":{"type":"Point","coordinates":[-97.002,69.7610000000001]},"properties":{"OBJECTID":250,"LONGITUDE":-97.00200000000001,"LATITUDE":69.761,"YEAR":1839,"NORTH_SOUTH":"N"}},{"type":"Feature","id":251,"geometry":{"type":"Point","coordinates":[-96.86,69.681]},"properties":{"OBJECTID":251,"LONGITUDE":-96.860000000000014,"LATITUDE":69.681,"YEAR":1840,"NORTH_SOUTH":"N"}},{"type":"Feature","id":252,"geometry":{"type":"Point","coordinates":[-96.765,69.6150000000001]},"properties":{"OBJECTID":252,"LONGITUDE":-96.764999999999986,"LATITUDE":69.615,"YEAR":1841,"NORTH_SOUTH":"N"}},{"type":"Feature","id":253,"geometry":{"type":"Point","coordinates":[-96.711,69.5600000000001]},"properties":{"OBJECTID":253,"LONGITUDE":-96.711000000000013,"LATITUDE":69.56,"YEAR":1842,"NORTH_SOUTH":"N"}},{"type":"Feature","id":254,"geometry":{"type":"Point","coordinates":[-96.689,69.51]},"properties":{"OBJECTID":254,"LONGITUDE":-96.689000000000021,"LATITUDE":69.51,"YEAR":1843,"NORTH_SOUTH":"N"}},{"type":"Feature","id":255,"geometry":{"type":"Point","coordinates":[-96.688,69.4630000000001]},"properties":{"OBJECTID":255,"LONGITUDE":-96.687999999999988,"LATITUDE":69.463,"YEAR":1844,"NORTH_SOUTH":"N"}},{"type":"Feature","id":256,"geometry":{"type":"Point","coordinates":[-96.699,69.4200000000001]},"properties":{"OBJECTID":256,"LONGITUDE":-96.699000000000012,"LATITUDE":69.42,"YEAR":1845,"NORTH_SOUTH":"N"}},{"type":"Feature","id":257,"geometry":{"type":"Point","coordinates":[-96.713,69.3790000000001]},"properties":{"OBJECTID":257,"LONGITUDE":-96.713000000000022,"LATITUDE":69.379,"YEAR":1846,"NORTH_SOUTH":"N"}},{"type":"Feature","id":258,"geometry":{"type":"Point","coordinates":[-96.73,69.3410000000001]},"properties":{"OBJECTID":258,"LONGITUDE":-96.730000000000018,"LATITUDE":69.341,"YEAR":1847,"NORTH_SOUTH":"N"}},{"type":"Feature","id":259,"geometry":{"type":"Point","coordinates":[-96.749,69.311]},"properties":{"OBJECTID":259,"LONGITUDE":-96.749000000000024,"LATITUDE":69.311,"YEAR":1848,"NORTH_SOUTH":"N"}},{"type":"Feature","id":260,"geometry":{"type":"Point","coordinates":[-96.7689999999999,69.2880000000001]},"properties":{"OBJECTID":260,"LONGITUDE":-96.769,"LATITUDE":69.288,"YEAR":1849,"NORTH_SOUTH":"N"}},{"type":"Feature","id":261,"geometry":{"type":"Point","coordinates":[-96.785,69.2710000000001]},"properties":{"OBJECTID":261,"LONGITUDE":-96.785000000000025,"LATITUDE":69.271,"YEAR":1850,"NORTH_SOUTH":"N"}},{"type":"Feature","id":262,"geometry":{"type":"Point","coordinates":[-96.794,69.2590000000001]},"properties":{"OBJECTID":262,"LONGITUDE":-96.793999999999983,"LATITUDE":69.259,"YEAR":1851,"NORTH_SOUTH":"N"}},{"type":"Feature","id":263,"geometry":{"type":"Point","coordinates":[-96.797,69.2490000000001]},"properties":{"OBJECTID":263,"LONGITUDE":-96.797000000000025,"LATITUDE":69.249,"YEAR":1852,"NORTH_SOUTH":"N"}},{"type":"Feature","id":264,"geometry":{"type":"Point","coordinates":[-96.796,69.2400000000001]},"properties":{"OBJECTID":264,"LONGITUDE":-96.795999999999992,"LATITUDE":69.24,"YEAR":1853,"NORTH_SOUTH":"N"}},{"type":"Feature","id":265,"geometry":{"type":"Point","coordinates":[-96.792,69.2300000000001]},"properties":{"OBJECTID":265,"LONGITUDE":-96.791999999999973,"LATITUDE":69.23,"YEAR":1854,"NORTH_SOUTH":"N"}},{"type":"Feature","id":266,"geometry":{"type":"Point","coordinates":[-96.7859999999999,69.2190000000001]},"properties":{"OBJECTID":266,"LONGITUDE":-96.786,"LATITUDE":69.219,"YEAR":1855,"NORTH_SOUTH":"N"}},{"type":"Feature","id":267,"geometry":{"type":"Point","coordinates":[-96.7789999999999,69.205]},"properties":{"OBJECTID":267,"LONGITUDE":-96.779,"LATITUDE":69.205,"YEAR":1856,"NORTH_SOUTH":"N"}},{"type":"Feature","id":268,"geometry":{"type":"Point","coordinates":[-96.771,69.1920000000001]},"properties":{"OBJECTID":268,"LONGITUDE":-96.771000000000015,"LATITUDE":69.192,"YEAR":1857,"NORTH_SOUTH":"N"}},{"type":"Feature","id":269,"geometry":{"type":"Point","coordinates":[-96.7619999999999,69.1800000000001]},"properties":{"OBJECTID":269,"LONGITUDE":-96.762,"LATITUDE":69.18,"YEAR":1858,"NORTH_SOUTH":"N"}},{"type":"Feature","id":270,"geometry":{"type":"Point","coordinates":[-96.7569999999999,69.174]},"properties":{"OBJECTID":270,"LONGITUDE":-96.757,"LATITUDE":69.174,"YEAR":1859,"NORTH_SOUTH":"N"}},{"type":"Feature","id":271,"geometry":{"type":"Point","coordinates":[-96.763,69.1780000000001]},"properties":{"OBJECTID":271,"LONGITUDE":-96.762999999999977,"LATITUDE":69.178,"YEAR":1860,"NORTH_SOUTH":"N"}},{"type":"Feature","id":272,"geometry":{"type":"Point","coordinates":[-96.789,69.1960000000001]},"properties":{"OBJECTID":272,"LONGITUDE":-96.788999999999987,"LATITUDE":69.196,"YEAR":1861,"NORTH_SOUTH":"N"}},{"type":"Feature","id":273,"geometry":{"type":"Point","coordinates":[-96.826,69.2250000000001]},"properties":{"OBJECTID":273,"LONGITUDE":-96.826000000000022,"LATITUDE":69.225,"YEAR":1862,"NORTH_SOUTH":"N"}},{"type":"Feature","id":274,"geometry":{"type":"Point","coordinates":[-96.865,69.2590000000001]},"properties":{"OBJECTID":274,"LONGITUDE":-96.865000000000009,"LATITUDE":69.259,"YEAR":1863,"NORTH_SOUTH":"N"}},{"type":"Feature","id":275,"geometry":{"type":"Point","coordinates":[-96.8989999999999,69.296]},"properties":{"OBJECTID":275,"LONGITUDE":-96.899,"LATITUDE":69.296,"YEAR":1864,"NORTH_SOUTH":"N"}},{"type":"Feature","id":276,"geometry":{"type":"Point","coordinates":[-96.924,69.3360000000001]},"properties":{"OBJECTID":276,"LONGITUDE":-96.923999999999978,"LATITUDE":69.336,"YEAR":1865,"NORTH_SOUTH":"N"}},{"type":"Feature","id":277,"geometry":{"type":"Point","coordinates":[-96.934,69.3750000000001]},"properties":{"OBJECTID":277,"LONGITUDE":-96.934000000000026,"LATITUDE":69.375,"YEAR":1866,"NORTH_SOUTH":"N"}},{"type":"Feature","id":278,"geometry":{"type":"Point","coordinates":[-96.937,69.414]},"properties":{"OBJECTID":278,"LONGITUDE":-96.937000000000012,"LATITUDE":69.414,"YEAR":1867,"NORTH_SOUTH":"N"}},{"type":"Feature","id":279,"geometry":{"type":"Point","coordinates":[-96.938,69.455]},"properties":{"OBJECTID":279,"LONGITUDE":-96.937999999999988,"LATITUDE":69.455,"YEAR":1868,"NORTH_SOUTH":"N"}},{"type":"Feature","id":280,"geometry":{"type":"Point","coordinates":[-96.944,69.496]},"properties":{"OBJECTID":280,"LONGITUDE":-96.944000000000017,"LATITUDE":69.496,"YEAR":1869,"NORTH_SOUTH":"N"}},{"type":"Feature","id":281,"geometry":{"type":"Point","coordinates":[-96.956,69.5360000000001]},"properties":{"OBJECTID":281,"LONGITUDE":-96.956000000000017,"LATITUDE":69.536,"YEAR":1870,"NORTH_SOUTH":"N"}},{"type":"Feature","id":282,"geometry":{"type":"Point","coordinates":[-96.975,69.575]},"properties":{"OBJECTID":282,"LONGITUDE":-96.975000000000023,"LATITUDE":69.575,"YEAR":1871,"NORTH_SOUTH":"N"}},{"type":"Feature","id":283,"geometry":{"type":"Point","coordinates":[-96.996,69.6150000000001]},"properties":{"OBJECTID":283,"LONGITUDE":-96.995999999999981,"LATITUDE":69.615,"YEAR":1872,"NORTH_SOUTH":"N"}},{"type":"Feature","id":284,"geometry":{"type":"Point","coordinates":[-97.014,69.659]},"properties":{"OBJECTID":284,"LONGITUDE":-97.01400000000001,"LATITUDE":69.659,"YEAR":1873,"NORTH_SOUTH":"N"}},{"type":"Feature","id":285,"geometry":{"type":"Point","coordinates":[-97.032,69.7080000000001]},"properties":{"OBJECTID":285,"LONGITUDE":-97.031999999999982,"LATITUDE":69.708,"YEAR":1874,"NORTH_SOUTH":"N"}},{"type":"Feature","id":286,"geometry":{"type":"Point","coordinates":[-97.0579999999999,69.76]},"properties":{"OBJECTID":286,"LONGITUDE":-97.057999999999993,"LATITUDE":69.76,"YEAR":1875,"NORTH_SOUTH":"N"}},{"type":"Feature","id":287,"geometry":{"type":"Point","coordinates":[-97.1,69.8120000000001]},"properties":{"OBJECTID":287,"LONGITUDE":-97.100000000000023,"LATITUDE":69.812,"YEAR":1876,"NORTH_SOUTH":"N"}},{"type":"Feature","id":288,"geometry":{"type":"Point","coordinates":[-97.153,69.8630000000001]},"properties":{"OBJECTID":288,"LONGITUDE":-97.15300000000002,"LATITUDE":69.863,"YEAR":1877,"NORTH_SOUTH":"N"}},{"type":"Feature","id":289,"geometry":{"type":"Point","coordinates":[-97.211,69.914]},"properties":{"OBJECTID":289,"LONGITUDE":-97.211000000000013,"LATITUDE":69.914,"YEAR":1878,"NORTH_SOUTH":"N"}},{"type":"Feature","id":290,"geometry":{"type":"Point","coordinates":[-97.2669999999999,69.9640000000001]},"properties":{"OBJECTID":290,"LONGITUDE":-97.267,"LATITUDE":69.964,"YEAR":1879,"NORTH_SOUTH":"N"}},{"type":"Feature","id":291,"geometry":{"type":"Point","coordinates":[-97.314,70.013]},"properties":{"OBJECTID":291,"LONGITUDE":-97.314000000000021,"LATITUDE":70.013,"YEAR":1880,"NORTH_SOUTH":"N"}},{"type":"Feature","id":292,"geometry":{"type":"Point","coordinates":[-97.348,70.061]},"properties":{"OBJECTID":292,"LONGITUDE":-97.348000000000013,"LATITUDE":70.061,"YEAR":1881,"NORTH_SOUTH":"N"}},{"type":"Feature","id":293,"geometry":{"type":"Point","coordinates":[-97.372,70.111]},"properties":{"OBJECTID":293,"LONGITUDE":-97.372000000000014,"LATITUDE":70.111,"YEAR":1882,"NORTH_SOUTH":"N"}},{"type":"Feature","id":294,"geometry":{"type":"Point","coordinates":[-97.389,70.1630000000001]},"properties":{"OBJECTID":294,"LONGITUDE":-97.38900000000001,"LATITUDE":70.163,"YEAR":1883,"NORTH_SOUTH":"N"}},{"type":"Feature","id":295,"geometry":{"type":"Point","coordinates":[-97.402,70.2180000000001]},"properties":{"OBJECTID":295,"LONGITUDE":-97.401999999999987,"LATITUDE":70.218,"YEAR":1884,"NORTH_SOUTH":"N"}},{"type":"Feature","id":296,"geometry":{"type":"Point","coordinates":[-97.409,70.2760000000001]},"properties":{"OBJECTID":296,"LONGITUDE":-97.408999999999992,"LATITUDE":70.276,"YEAR":1885,"NORTH_SOUTH":"N"}},{"type":"Feature","id":297,"geometry":{"type":"Point","coordinates":[-97.4109999999999,70.335]},"properties":{"OBJECTID":297,"LONGITUDE":-97.411,"LATITUDE":70.335,"YEAR":1886,"NORTH_SOUTH":"N"}},{"type":"Feature","id":298,"geometry":{"type":"Point","coordinates":[-97.41,70.3940000000001]},"properties":{"OBJECTID":298,"LONGITUDE":-97.410000000000025,"LATITUDE":70.394,"YEAR":1887,"NORTH_SOUTH":"N"}},{"type":"Feature","id":299,"geometry":{"type":"Point","coordinates":[-97.41,70.448]},"properties":{"OBJECTID":299,"LONGITUDE":-97.410000000000025,"LATITUDE":70.448,"YEAR":1888,"NORTH_SOUTH":"N"}},{"type":"Feature","id":300,"geometry":{"type":"Point","coordinates":[-97.415,70.4970000000001]},"properties":{"OBJECTID":300,"LONGITUDE":-97.41500000000002,"LATITUDE":70.497,"YEAR":1889,"NORTH_SOUTH":"N"}},{"type":"Feature","id":301,"geometry":{"type":"Point","coordinates":[-97.426,70.546]},"properties":{"OBJECTID":301,"LONGITUDE":-97.425999999999988,"LATITUDE":70.546,"YEAR":1890,"NORTH_SOUTH":"N"}},{"type":"Feature","id":302,"geometry":{"type":"Point","coordinates":[-97.3939999999999,70.5840000000001]},"properties":{"OBJECTID":302,"LONGITUDE":-97.394,"LATITUDE":70.584,"YEAR":1891,"NORTH_SOUTH":"N"}},{"type":"Feature","id":303,"geometry":{"type":"Point","coordinates":[-97.282,70.6000000000001]},"properties":{"OBJECTID":303,"LONGITUDE":-97.281999999999982,"LATITUDE":70.6,"YEAR":1892,"NORTH_SOUTH":"N"}},{"type":"Feature","id":304,"geometry":{"type":"Point","coordinates":[-97.1059999999999,70.592]},"properties":{"OBJECTID":304,"LONGITUDE":-97.106,"LATITUDE":70.592,"YEAR":1893,"NORTH_SOUTH":"N"}},{"type":"Feature","id":305,"geometry":{"type":"Point","coordinates":[-96.89,70.5640000000001]},"properties":{"OBJECTID":305,"LONGITUDE":-96.889999999999986,"LATITUDE":70.564,"YEAR":1894,"NORTH_SOUTH":"N"}},{"type":"Feature","id":306,"geometry":{"type":"Point","coordinates":[-96.662,70.525]},"properties":{"OBJECTID":306,"LONGITUDE":-96.661999999999978,"LATITUDE":70.525,"YEAR":1895,"NORTH_SOUTH":"N"}},{"type":"Feature","id":307,"geometry":{"type":"Point","coordinates":[-96.453,70.4830000000001]},"properties":{"OBJECTID":307,"LONGITUDE":-96.452999999999975,"LATITUDE":70.483,"YEAR":1896,"NORTH_SOUTH":"N"}},{"type":"Feature","id":308,"geometry":{"type":"Point","coordinates":[-96.288,70.4490000000001]},"properties":{"OBJECTID":308,"LONGITUDE":-96.288000000000011,"LATITUDE":70.449,"YEAR":1897,"NORTH_SOUTH":"N"}},{"type":"Feature","id":309,"geometry":{"type":"Point","coordinates":[-96.187,70.4300000000001]},"properties":{"OBJECTID":309,"LONGITUDE":-96.187000000000012,"LATITUDE":70.43,"YEAR":1898,"NORTH_SOUTH":"N"}},{"type":"Feature","id":310,"geometry":{"type":"Point","coordinates":[-96.155,70.433]},"properties":{"OBJECTID":310,"LONGITUDE":-96.154999999999973,"LATITUDE":70.433,"YEAR":1899,"NORTH_SOUTH":"N"}},{"type":"Feature","id":311,"geometry":{"type":"Point","coordinates":[-96.186,70.46]},"properties":{"OBJECTID":311,"LONGITUDE":-96.185999999999979,"LATITUDE":70.46,"YEAR":1900,"NORTH_SOUTH":"N"}},{"type":"Feature","id":312,"geometry":{"type":"Point","coordinates":[-96.244,70.4990000000001]},"properties":{"OBJECTID":312,"LONGITUDE":-96.244000000000028,"LATITUDE":70.499,"YEAR":1901,"NORTH_SOUTH":"N"}},{"type":"Feature","id":313,"geometry":{"type":"Point","coordinates":[-96.3029999999999,70.539]},"properties":{"OBJECTID":313,"LONGITUDE":-96.303,"LATITUDE":70.539,"YEAR":1902,"NORTH_SOUTH":"N"}},{"type":"Feature","id":314,"geometry":{"type":"Point","coordinates":[-96.362,70.578]},"properties":{"OBJECTID":314,"LONGITUDE":-96.362000000000023,"LATITUDE":70.578,"YEAR":1903,"NORTH_SOUTH":"N"}},{"type":"Feature","id":315,"geometry":{"type":"Point","coordinates":[-96.4209999999999,70.6180000000001]},"properties":{"OBJECTID":315,"LONGITUDE":-96.420999999999992,"LATITUDE":70.618,"YEAR":1904,"NORTH_SOUTH":"N"}},{"type":"Feature","id":316,"geometry":{"type":"Point","coordinates":[-96.48,70.657]},"properties":{"OBJECTID":316,"LONGITUDE":-96.480000000000018,"LATITUDE":70.657,"YEAR":1905,"NORTH_SOUTH":"N"}},{"type":"Feature","id":317,"geometry":{"type":"Point","coordinates":[-96.528,70.683]},"properties":{"OBJECTID":317,"LONGITUDE":-96.52800000000002,"LATITUDE":70.683,"YEAR":1906,"NORTH_SOUTH":"N"}},{"type":"Feature","id":318,"geometry":{"type":"Point","coordinates":[-96.576,70.7080000000001]},"properties":{"OBJECTID":318,"LONGITUDE":-96.576000000000022,"LATITUDE":70.708,"YEAR":1907,"NORTH_SOUTH":"N"}},{"type":"Feature","id":319,"geometry":{"type":"Point","coordinates":[-96.624,70.734]},"properties":{"OBJECTID":319,"LONGITUDE":-96.624000000000024,"LATITUDE":70.734,"YEAR":1908,"NORTH_SOUTH":"N"}},{"type":"Feature","id":320,"geometry":{"type":"Point","coordinates":[-96.672,70.76]},"properties":{"OBJECTID":320,"LONGITUDE":-96.672000000000025,"LATITUDE":70.76,"YEAR":1909,"NORTH_SOUTH":"N"}},{"type":"Feature","id":321,"geometry":{"type":"Point","coordinates":[-96.72,70.7850000000001]},"properties":{"OBJECTID":321,"LONGITUDE":-96.720000000000027,"LATITUDE":70.785,"YEAR":1910,"NORTH_SOUTH":"N"}},{"type":"Feature","id":322,"geometry":{"type":"Point","coordinates":[-96.782,70.8340000000001]},"properties":{"OBJECTID":322,"LONGITUDE":-96.781999999999982,"LATITUDE":70.834,"YEAR":1911,"NORTH_SOUTH":"N"}},{"type":"Feature","id":323,"geometry":{"type":"Point","coordinates":[-96.8439999999999,70.883]},"properties":{"OBJECTID":323,"LONGITUDE":-96.844,"LATITUDE":70.883,"YEAR":1912,"NORTH_SOUTH":"N"}},{"type":"Feature","id":324,"geometry":{"type":"Point","coordinates":[-96.9059999999999,70.931]},"properties":{"OBJECTID":324,"LONGITUDE":-96.906,"LATITUDE":70.931,"YEAR":1913,"NORTH_SOUTH":"N"}},{"type":"Feature","id":325,"geometry":{"type":"Point","coordinates":[-96.9689999999999,70.9810000000001]},"properties":{"OBJECTID":325,"LONGITUDE":-96.969,"LATITUDE":70.981,"YEAR":1914,"NORTH_SOUTH":"N"}},{"type":"Feature","id":326,"geometry":{"type":"Point","coordinates":[-97.032,71.03]},"properties":{"OBJECTID":326,"LONGITUDE":-97.031999999999982,"LATITUDE":71.03,"YEAR":1915,"NORTH_SOUTH":"N"}},{"type":"Feature","id":327,"geometry":{"type":"Point","coordinates":[-97.102,71.0910000000001]},"properties":{"OBJECTID":327,"LONGITUDE":-97.101999999999975,"LATITUDE":71.091,"YEAR":1916,"NORTH_SOUTH":"N"}},{"type":"Feature","id":328,"geometry":{"type":"Point","coordinates":[-97.1729999999999,71.152]},"properties":{"OBJECTID":328,"LONGITUDE":-97.173,"LATITUDE":71.152,"YEAR":1917,"NORTH_SOUTH":"N"}},{"type":"Feature","id":329,"geometry":{"type":"Point","coordinates":[-97.244,71.2140000000001]},"properties":{"OBJECTID":329,"LONGITUDE":-97.244000000000028,"LATITUDE":71.214,"YEAR":1918,"NORTH_SOUTH":"N"}},{"type":"Feature","id":330,"geometry":{"type":"Point","coordinates":[-97.314,71.275]},"properties":{"OBJECTID":330,"LONGITUDE":-97.314000000000021,"LATITUDE":71.275,"YEAR":1919,"NORTH_SOUTH":"N"}},{"type":"Feature","id":331,"geometry":{"type":"Point","coordinates":[-97.385,71.337]},"properties":{"OBJECTID":331,"LONGITUDE":-97.384999999999991,"LATITUDE":71.337,"YEAR":1920,"NORTH_SOUTH":"N"}},{"type":"Feature","id":332,"geometry":{"type":"Point","coordinates":[-97.506,71.426]},"properties":{"OBJECTID":332,"LONGITUDE":-97.505999999999972,"LATITUDE":71.426,"YEAR":1921,"NORTH_SOUTH":"N"}},{"type":"Feature","id":333,"geometry":{"type":"Point","coordinates":[-97.626,71.5160000000001]},"properties":{"OBJECTID":333,"LONGITUDE":-97.625999999999976,"LATITUDE":71.516,"YEAR":1922,"NORTH_SOUTH":"N"}},{"type":"Feature","id":334,"geometry":{"type":"Point","coordinates":[-97.748,71.6060000000001]},"properties":{"OBJECTID":334,"LONGITUDE":-97.74799999999999,"LATITUDE":71.606,"YEAR":1923,"NORTH_SOUTH":"N"}},{"type":"Feature","id":335,"geometry":{"type":"Point","coordinates":[-97.8699999999999,71.6960000000001]},"properties":{"OBJECTID":335,"LONGITUDE":-97.87,"LATITUDE":71.696,"YEAR":1924,"NORTH_SOUTH":"N"}},{"type":"Feature","id":336,"geometry":{"type":"Point","coordinates":[-97.9929999999999,71.7860000000001]},"properties":{"OBJECTID":336,"LONGITUDE":-97.993,"LATITUDE":71.786,"YEAR":1925,"NORTH_SOUTH":"N"}},{"type":"Feature","id":337,"geometry":{"type":"Point","coordinates":[-98.128,71.881]},"properties":{"OBJECTID":337,"LONGITUDE":-98.127999999999986,"LATITUDE":71.881,"YEAR":1926,"NORTH_SOUTH":"N"}},{"type":"Feature","id":338,"geometry":{"type":"Point","coordinates":[-98.265,71.977]},"properties":{"OBJECTID":338,"LONGITUDE":-98.264999999999986,"LATITUDE":71.977,"YEAR":1927,"NORTH_SOUTH":"N"}},{"type":"Feature","id":339,"geometry":{"type":"Point","coordinates":[-98.403,72.073]},"properties":{"OBJECTID":339,"LONGITUDE":-98.40300000000002,"LATITUDE":72.073,"YEAR":1928,"NORTH_SOUTH":"N"}},{"type":"Feature","id":340,"geometry":{"type":"Point","coordinates":[-98.5429999999999,72.1700000000001]},"properties":{"OBJECTID":340,"LONGITUDE":-98.543,"LATITUDE":72.17,"YEAR":1929,"NORTH_SOUTH":"N"}},{"type":"Feature","id":341,"geometry":{"type":"Point","coordinates":[-98.6829999999999,72.268]},"properties":{"OBJECTID":341,"LONGITUDE":-98.682999999999993,"LATITUDE":72.268,"YEAR":1930,"NORTH_SOUTH":"N"}},{"type":"Feature","id":342,"geometry":{"type":"Point","coordinates":[-98.809,72.371]},"properties":{"OBJECTID":342,"LONGITUDE":-98.809000000000026,"LATITUDE":72.371,"YEAR":1931,"NORTH_SOUTH":"N"}},{"type":"Feature","id":343,"geometry":{"type":"Point","coordinates":[-98.936,72.4750000000001]},"properties":{"OBJECTID":343,"LONGITUDE":-98.935999999999979,"LATITUDE":72.475,"YEAR":1932,"NORTH_SOUTH":"N"}},{"type":"Feature","id":344,"geometry":{"type":"Point","coordinates":[-99.066,72.58]},"properties":{"OBJECTID":344,"LONGITUDE":-99.065999999999974,"LATITUDE":72.58,"YEAR":1933,"NORTH_SOUTH":"N"}},{"type":"Feature","id":345,"geometry":{"type":"Point","coordinates":[-99.198,72.6870000000001]},"properties":{"OBJECTID":345,"LONGITUDE":-99.197999999999979,"LATITUDE":72.687,"YEAR":1934,"NORTH_SOUTH":"N"}},{"type":"Feature","id":346,"geometry":{"type":"Point","coordinates":[-99.333,72.796]},"properties":{"OBJECTID":346,"LONGITUDE":-99.333000000000027,"LATITUDE":72.796,"YEAR":1935,"NORTH_SOUTH":"N"}},{"type":"Feature","id":347,"geometry":{"type":"Point","coordinates":[-99.436,72.8940000000001]},"properties":{"OBJECTID":347,"LONGITUDE":-99.435999999999979,"LATITUDE":72.894,"YEAR":1936,"NORTH_SOUTH":"N"}},{"type":"Feature","id":348,"geometry":{"type":"Point","coordinates":[-99.542,72.9930000000001]},"properties":{"OBJECTID":348,"LONGITUDE":-99.541999999999973,"LATITUDE":72.993,"YEAR":1937,"NORTH_SOUTH":"N"}},{"type":"Feature","id":349,"geometry":{"type":"Point","coordinates":[-99.6489999999999,73.0930000000001]},"properties":{"OBJECTID":349,"LONGITUDE":-99.649,"LATITUDE":73.093,"YEAR":1938,"NORTH_SOUTH":"N"}},{"type":"Feature","id":350,"geometry":{"type":"Point","coordinates":[-99.759,73.1950000000001]},"properties":{"OBJECTID":350,"LONGITUDE":-99.759000000000015,"LATITUDE":73.195,"YEAR":1939,"NORTH_SOUTH":"N"}},{"type":"Feature","id":351,"geometry":{"type":"Point","coordinates":[-99.871,73.299]},"properties":{"OBJECTID":351,"LONGITUDE":-99.870999999999981,"LATITUDE":73.299,"YEAR":1940,"NORTH_SOUTH":"N"}},{"type":"Feature","id":352,"geometry":{"type":"Point","coordinates":[-99.938,73.421]},"properties":{"OBJECTID":352,"LONGITUDE":-99.937999999999988,"LATITUDE":73.421,"YEAR":1941,"NORTH_SOUTH":"N"}},{"type":"Feature","id":353,"geometry":{"type":"Point","coordinates":[-100.008,73.544]},"properties":{"OBJECTID":353,"LONGITUDE":-100.00799999999998,"LATITUDE":73.544,"YEAR":1942,"NORTH_SOUTH":"N"}},{"type":"Feature","id":354,"geometry":{"type":"Point","coordinates":[-100.082,73.6700000000001]},"properties":{"OBJECTID":354,"LONGITUDE":-100.082,"LATITUDE":73.67,"YEAR":1943,"NORTH_SOUTH":"N"}},{"type":"Feature","id":355,"geometry":{"type":"Point","coordinates":[-100.158,73.7970000000001]},"properties":{"OBJECTID":355,"LONGITUDE":-100.15800000000002,"LATITUDE":73.797,"YEAR":1944,"NORTH_SOUTH":"N"}},{"type":"Feature","id":356,"geometry":{"type":"Point","coordinates":[-100.238,73.926]},"properties":{"OBJECTID":356,"LONGITUDE":-100.238,"LATITUDE":73.926,"YEAR":1945,"NORTH_SOUTH":"N"}},{"type":"Feature","id":357,"geometry":{"type":"Point","coordinates":[-100.357,74.066]},"properties":{"OBJECTID":357,"LONGITUDE":-100.35700000000003,"LATITUDE":74.066,"YEAR":1946,"NORTH_SOUTH":"N"}},{"type":"Feature","id":358,"geometry":{"type":"Point","coordinates":[-100.479,74.2080000000001]},"properties":{"OBJECTID":358,"LONGITUDE":-100.47899999999998,"LATITUDE":74.208,"YEAR":1947,"NORTH_SOUTH":"N"}},{"type":"Feature","id":359,"geometry":{"type":"Point","coordinates":[-100.603,74.3500000000001]},"properties":{"OBJECTID":359,"LONGITUDE":-100.60300000000001,"LATITUDE":74.35,"YEAR":1948,"NORTH_SOUTH":"N"}},{"type":"Feature","id":360,"geometry":{"type":"Point","coordinates":[-100.73,74.494]},"properties":{"OBJECTID":360,"LONGITUDE":-100.73000000000002,"LATITUDE":74.494,"YEAR":1949,"NORTH_SOUTH":"N"}},{"type":"Feature","id":361,"geometry":{"type":"Point","coordinates":[-100.859,74.638]},"properties":{"OBJECTID":361,"LONGITUDE":-100.85899999999998,"LATITUDE":74.638,"YEAR":1950,"NORTH_SOUTH":"N"}},{"type":"Feature","id":362,"geometry":{"type":"Point","coordinates":[-100.961,74.741]},"properties":{"OBJECTID":362,"LONGITUDE":-100.96100000000001,"LATITUDE":74.741,"YEAR":1951,"NORTH_SOUTH":"N"}},{"type":"Feature","id":363,"geometry":{"type":"Point","coordinates":[-101.068,74.8480000000001]},"properties":{"OBJECTID":363,"LONGITUDE":-101.06799999999998,"LATITUDE":74.848,"YEAR":1952,"NORTH_SOUTH":"N"}},{"type":"Feature","id":364,"geometry":{"type":"Point","coordinates":[-101.179,74.9570000000001]},"properties":{"OBJECTID":364,"LONGITUDE":-101.17899999999997,"LATITUDE":74.957,"YEAR":1953,"NORTH_SOUTH":"N"}},{"type":"Feature","id":365,"geometry":{"type":"Point","coordinates":[-101.296,75.0690000000001]},"properties":{"OBJECTID":365,"LONGITUDE":-101.29599999999999,"LATITUDE":75.069,"YEAR":1954,"NORTH_SOUTH":"N"}},{"type":"Feature","id":366,"geometry":{"type":"Point","coordinates":[-101.418,75.1840000000001]},"properties":{"OBJECTID":366,"LONGITUDE":-101.418,"LATITUDE":75.184,"YEAR":1955,"NORTH_SOUTH":"N"}},{"type":"Feature","id":367,"geometry":{"type":"Point","coordinates":[-101.342,75.2080000000001]},"properties":{"OBJECTID":367,"LONGITUDE":-101.34199999999998,"LATITUDE":75.208,"YEAR":1956,"NORTH_SOUTH":"N"}},{"type":"Feature","id":368,"geometry":{"type":"Point","coordinates":[-101.266,75.2320000000001]},"properties":{"OBJECTID":368,"LONGITUDE":-101.26600000000002,"LATITUDE":75.232,"YEAR":1957,"NORTH_SOUTH":"N"}},{"type":"Feature","id":369,"geometry":{"type":"Point","coordinates":[-101.188,75.2550000000001]},"properties":{"OBJECTID":369,"LONGITUDE":-101.18799999999999,"LATITUDE":75.255,"YEAR":1958,"NORTH_SOUTH":"N"}},{"type":"Feature","id":370,"geometry":{"type":"Point","coordinates":[-101.111,75.2780000000001]},"properties":{"OBJECTID":370,"LONGITUDE":-101.11099999999999,"LATITUDE":75.278,"YEAR":1959,"NORTH_SOUTH":"N"}},{"type":"Feature","id":371,"geometry":{"type":"Point","coordinates":[-101.033,75.301]},"properties":{"OBJECTID":371,"LONGITUDE":-101.03300000000002,"LATITUDE":75.301,"YEAR":1960,"NORTH_SOUTH":"N"}},{"type":"Feature","id":372,"geometry":{"type":"Point","coordinates":[-101.092,75.364]},"properties":{"OBJECTID":372,"LONGITUDE":-101.09199999999998,"LATITUDE":75.364,"YEAR":1961,"NORTH_SOUTH":"N"}},{"type":"Feature","id":373,"geometry":{"type":"Point","coordinates":[-101.152,75.429]},"properties":{"OBJECTID":373,"LONGITUDE":-101.15199999999999,"LATITUDE":75.429,"YEAR":1962,"NORTH_SOUTH":"N"}},{"type":"Feature","id":374,"geometry":{"type":"Point","coordinates":[-101.213,75.4940000000001]},"properties":{"OBJECTID":374,"LONGITUDE":-101.21300000000002,"LATITUDE":75.494,"YEAR":1963,"NORTH_SOUTH":"N"}},{"type":"Feature","id":375,"geometry":{"type":"Point","coordinates":[-101.275,75.5600000000001]},"properties":{"OBJECTID":375,"LONGITUDE":-101.27499999999998,"LATITUDE":75.56,"YEAR":1964,"NORTH_SOUTH":"N"}},{"type":"Feature","id":376,"geometry":{"type":"Point","coordinates":[-101.337,75.626]},"properties":{"OBJECTID":376,"LONGITUDE":-101.33699999999999,"LATITUDE":75.626,"YEAR":1965,"NORTH_SOUTH":"N"}},{"type":"Feature","id":377,"geometry":{"type":"Point","coordinates":[-101.265,75.6770000000001]},"properties":{"OBJECTID":377,"LONGITUDE":-101.26499999999999,"LATITUDE":75.677,"YEAR":1966,"NORTH_SOUTH":"N"}},{"type":"Feature","id":378,"geometry":{"type":"Point","coordinates":[-101.193,75.7280000000001]},"properties":{"OBJECTID":378,"LONGITUDE":-101.19299999999998,"LATITUDE":75.728,"YEAR":1967,"NORTH_SOUTH":"N"}},{"type":"Feature","id":379,"geometry":{"type":"Point","coordinates":[-101.12,75.7780000000001]},"properties":{"OBJECTID":379,"LONGITUDE":-101.12,"LATITUDE":75.778,"YEAR":1968,"NORTH_SOUTH":"N"}},{"type":"Feature","id":380,"geometry":{"type":"Point","coordinates":[-101.047,75.8290000000001]},"properties":{"OBJECTID":380,"LONGITUDE":-101.04700000000003,"LATITUDE":75.829,"YEAR":1969,"NORTH_SOUTH":"N"}},{"type":"Feature","id":381,"geometry":{"type":"Point","coordinates":[-100.974,75.878]},"properties":{"OBJECTID":381,"LONGITUDE":-100.97399999999999,"LATITUDE":75.878,"YEAR":1970,"NORTH_SOUTH":"N"}},{"type":"Feature","id":382,"geometry":{"type":"Point","coordinates":[-100.908,75.9340000000001]},"properties":{"OBJECTID":382,"LONGITUDE":-100.90800000000002,"LATITUDE":75.934,"YEAR":1971,"NORTH_SOUTH":"N"}},{"type":"Feature","id":383,"geometry":{"type":"Point","coordinates":[-100.842,75.989]},"properties":{"OBJECTID":383,"LONGITUDE":-100.84199999999998,"LATITUDE":75.989,"YEAR":1972,"NORTH_SOUTH":"N"}},{"type":"Feature","id":384,"geometry":{"type":"Point","coordinates":[-100.775,76.044]},"properties":{"OBJECTID":384,"LONGITUDE":-100.77499999999998,"LATITUDE":76.044,"YEAR":1973,"NORTH_SOUTH":"N"}},{"type":"Feature","id":385,"geometry":{"type":"Point","coordinates":[-100.707,76.0980000000001]},"properties":{"OBJECTID":385,"LONGITUDE":-100.707,"LATITUDE":76.098,"YEAR":1974,"NORTH_SOUTH":"N"}},{"type":"Feature","id":386,"geometry":{"type":"Point","coordinates":[-100.638,76.1530000000001]},"properties":{"OBJECTID":386,"LONGITUDE":-100.63799999999998,"LATITUDE":76.153,"YEAR":1975,"NORTH_SOUTH":"N"}},{"type":"Feature","id":387,"geometry":{"type":"Point","coordinates":[-100.842,76.3030000000001]},"properties":{"OBJECTID":387,"LONGITUDE":-100.84199999999998,"LATITUDE":76.303,"YEAR":1976,"NORTH_SOUTH":"N"}},{"type":"Feature","id":388,"geometry":{"type":"Point","coordinates":[-101.048,76.4540000000001]},"properties":{"OBJECTID":388,"LONGITUDE":-101.048,"LATITUDE":76.454,"YEAR":1977,"NORTH_SOUTH":"N"}},{"type":"Feature","id":389,"geometry":{"type":"Point","coordinates":[-101.255,76.604]},"properties":{"OBJECTID":389,"LONGITUDE":-101.255,"LATITUDE":76.604,"YEAR":1978,"NORTH_SOUTH":"N"}},{"type":"Feature","id":390,"geometry":{"type":"Point","coordinates":[-101.465,76.7550000000001]},"properties":{"OBJECTID":390,"LONGITUDE":-101.46499999999997,"LATITUDE":76.755,"YEAR":1979,"NORTH_SOUTH":"N"}},{"type":"Feature","id":391,"geometry":{"type":"Point","coordinates":[-101.677,76.9060000000001]},"properties":{"OBJECTID":391,"LONGITUDE":-101.67700000000002,"LATITUDE":76.906,"YEAR":1980,"NORTH_SOUTH":"N"}},{"type":"Feature","id":392,"geometry":{"type":"Point","coordinates":[-101.86,77.0050000000001]},"properties":{"OBJECTID":392,"LONGITUDE":-101.86000000000001,"LATITUDE":77.005,"YEAR":1981,"NORTH_SOUTH":"N"}},{"type":"Feature","id":393,"geometry":{"type":"Point","coordinates":[-102.044,77.104]},"properties":{"OBJECTID":393,"LONGITUDE":-102.04399999999998,"LATITUDE":77.104,"YEAR":1982,"NORTH_SOUTH":"N"}},{"type":"Feature","id":394,"geometry":{"type":"Point","coordinates":[-102.231,77.2020000000001]},"properties":{"OBJECTID":394,"LONGITUDE":-102.231,"LATITUDE":77.202,"YEAR":1983,"NORTH_SOUTH":"N"}},{"type":"Feature","id":395,"geometry":{"type":"Point","coordinates":[-102.419,77.3000000000001]},"properties":{"OBJECTID":395,"LONGITUDE":-102.41899999999998,"LATITUDE":77.3,"YEAR":1984,"NORTH_SOUTH":"N"}},{"type":"Feature","id":396,"geometry":{"type":"Point","coordinates":[-102.609,77.3980000000001]},"properties":{"OBJECTID":396,"LONGITUDE":-102.60899999999998,"LATITUDE":77.398,"YEAR":1985,"NORTH_SOUTH":"N"}},{"type":"Feature","id":397,"geometry":{"type":"Point","coordinates":[-102.816,77.537]},"properties":{"OBJECTID":397,"LONGITUDE":-102.81599999999997,"LATITUDE":77.537,"YEAR":1986,"NORTH_SOUTH":"N"}},{"type":"Feature","id":398,"geometry":{"type":"Point","coordinates":[-103.027,77.6770000000001]},"properties":{"OBJECTID":398,"LONGITUDE":-103.02699999999999,"LATITUDE":77.677,"YEAR":1987,"NORTH_SOUTH":"N"}},{"type":"Feature","id":399,"geometry":{"type":"Point","coordinates":[-103.243,77.816]},"properties":{"OBJECTID":399,"LONGITUDE":-103.243,"LATITUDE":77.816,"YEAR":1988,"NORTH_SOUTH":"N"}},{"type":"Feature","id":400,"geometry":{"type":"Point","coordinates":[-103.463,77.9560000000001]},"properties":{"OBJECTID":400,"LONGITUDE":-103.46300000000002,"LATITUDE":77.956,"YEAR":1989,"NORTH_SOUTH":"N"}},{"type":"Feature","id":401,"geometry":{"type":"Point","coordinates":[-103.689,78.0950000000001]},"properties":{"OBJECTID":401,"LONGITUDE":-103.68900000000002,"LATITUDE":78.095,"YEAR":1990,"NORTH_SOUTH":"N"}},{"type":"Feature","id":402,"geometry":{"type":"Point","coordinates":[-103.99,78.2860000000001]},"properties":{"OBJECTID":402,"LONGITUDE":-103.99000000000001,"LATITUDE":78.286,"YEAR":1991,"NORTH_SOUTH":"N"}},{"type":"Feature","id":403,"geometry":{"type":"Point","coordinates":[-104.301,78.4760000000001]},"properties":{"OBJECTID":403,"LONGITUDE":-104.30099999999999,"LATITUDE":78.476,"YEAR":1992,"NORTH_SOUTH":"N"}},{"type":"Feature","id":404,"geometry":{"type":"Point","coordinates":[-104.62,78.6650000000001]},"properties":{"OBJECTID":404,"LONGITUDE":-104.62,"LATITUDE":78.665,"YEAR":1993,"NORTH_SOUTH":"N"}},{"type":"Feature","id":405,"geometry":{"type":"Point","coordinates":[-104.95,78.854]},"properties":{"OBJECTID":405,"LONGITUDE":-104.94999999999999,"LATITUDE":78.854,"YEAR":1994,"NORTH_SOUTH":"N"}},{"type":"Feature","id":406,"geometry":{"type":"Point","coordinates":[-105.29,79.0430000000001]},"properties":{"OBJECTID":406,"LONGITUDE":-105.28999999999999,"LATITUDE":79.043,"YEAR":1995,"NORTH_SOUTH":"N"}},{"type":"Feature","id":407,"geometry":{"type":"Point","coordinates":[-106.005,79.417]},"properties":{"OBJECTID":407,"LONGITUDE":-106.005,"LATITUDE":79.417,"YEAR":1996,"NORTH_SOUTH":"N"}},{"type":"Feature","id":408,"geometry":{"type":"Point","coordinates":[-106.789,79.7980000000001]},"properties":{"OBJECTID":408,"LONGITUDE":-106.78899999999999,"LATITUDE":79.798,"YEAR":1997,"NORTH_SOUTH":"N"}},{"type":"Feature","id":409,"geometry":{"type":"Point","coordinates":[-107.65,80.1850000000001]},"properties":{"OBJECTID":409,"LONGITUDE":-107.65,"LATITUDE":80.185,"YEAR":1998,"NORTH_SOUTH":"N"}},{"type":"Feature","id":410,"geometry":{"type":"Point","coordinates":[-108.597,80.5760000000001]},"properties":{"OBJECTID":410,"LONGITUDE":-108.59700000000001,"LATITUDE":80.576,"YEAR":1999,"NORTH_SOUTH":"N"}},{"type":"Feature","id":411,"geometry":{"type":"Point","coordinates":[-109.64,80.972]},"properties":{"OBJECTID":411,"LONGITUDE":-109.63999999999999,"LATITUDE":80.972,"YEAR":2000,"NORTH_SOUTH":"N"}},{"type":"Feature","id":412,"geometry":{"type":"Point","coordinates":[-111.008,81.4270000000001]},"properties":{"OBJECTID":412,"LONGITUDE":-111.00800000000001,"LATITUDE":81.427,"YEAR":2001,"NORTH_SOUTH":"N"}},{"type":"Feature","id":413,"geometry":{"type":"Point","coordinates":[-112.532,81.8790000000001]},"properties":{"OBJECTID":413,"LONGITUDE":-112.53200000000001,"LATITUDE":81.879,"YEAR":2002,"NORTH_SOUTH":"N"}},{"type":"Feature","id":414,"geometry":{"type":"Point","coordinates":[-114.231,82.325]},"properties":{"OBJECTID":414,"LONGITUDE":-114.231,"LATITUDE":82.325,"YEAR":2003,"NORTH_SOUTH":"N"}},{"type":"Feature","id":415,"geometry":{"type":"Point","coordinates":[-116.119,82.7620000000001]},"properties":{"OBJECTID":415,"LONGITUDE":-116.119,"LATITUDE":82.762,"YEAR":2004,"NORTH_SOUTH":"N"}},{"type":"Feature","id":416,"geometry":{"type":"Point","coordinates":[-118.218,83.186]},"properties":{"OBJECTID":416,"LONGITUDE":-118.21799999999999,"LATITUDE":83.186,"YEAR":2005,"NORTH_SOUTH":"N"}},{"type":"Feature","id":417,"geometry":{"type":"Point","coordinates":[-120.592,83.602]},"properties":{"OBJECTID":417,"LONGITUDE":-120.59200000000001,"LATITUDE":83.602,"YEAR":2006,"NORTH_SOUTH":"N"}},{"type":"Feature","id":418,"geometry":{"type":"Point","coordinates":[-123.216,83.9950000000001]},"properties":{"OBJECTID":418,"LONGITUDE":-123.21600000000001,"LATITUDE":83.995,"YEAR":2007,"NORTH_SOUTH":"N"}},{"type":"Feature","id":419,"geometry":{"type":"Point","coordinates":[-126.1,84.3630000000001]},"properties":{"OBJECTID":419,"LONGITUDE":-126.1,"LATITUDE":84.363,"YEAR":2008,"NORTH_SOUTH":"N"}},{"type":"Feature","id":420,"geometry":{"type":"Point","coordinates":[-129.249,84.7020000000001]},"properties":{"OBJECTID":420,"LONGITUDE":-129.249,"LATITUDE":84.702,"YEAR":2009,"NORTH_SOUTH":"N"}},{"type":"Feature","id":421,"geometry":{"type":"Point","coordinates":[-132.834,85.02]},"properties":{"OBJECTID":421,"LONGITUDE":-132.834,"LATITUDE":85.02,"YEAR":2010,"NORTH_SOUTH":"N"}},{"type":"Feature","id":422,"geometry":{"type":"Point","coordinates":[-137.404,85.3700000000001]},"properties":{"OBJECTID":422,"LONGITUDE":-137.404,"LATITUDE":85.37,"YEAR":2011,"NORTH_SOUTH":"N"}},{"type":"Feature","id":423,"geometry":{"type":"Point","coordinates":[-142.479,85.676]},"properties":{"OBJECTID":423,"LONGITUDE":-142.479,"LATITUDE":85.676,"YEAR":2012,"NORTH_SOUTH":"N"}},{"type":"Feature","id":424,"geometry":{"type":"Point","coordinates":[-148.018,85.933]},"properties":{"OBJECTID":424,"LONGITUDE":-148.018,"LATITUDE":85.933,"YEAR":2013,"NORTH_SOUTH":"N"}},{"type":"Feature","id":425,"geometry":{"type":"Point","coordinates":[-153.941,86.138]},"properties":{"OBJECTID":425,"LONGITUDE":-153.941,"LATITUDE":86.138,"YEAR":2014,"NORTH_SOUTH":"N"}},{"type":"Feature","id":432,"geometry":{"type":"Point","coordinates":[-152.875,-77.9639999999999]},"properties":{"OBJECTID":432,"LONGITUDE":-152.875,"LATITUDE":-77.964,"YEAR":1590,"NORTH_SOUTH":"S"}},{"type":"Feature","id":433,"geometry":{"type":"Point","coordinates":[-153.251,-77.9709999999999]},"properties":{"OBJECTID":433,"LONGITUDE":-153.251,"LATITUDE":-77.971,"YEAR":1591,"NORTH_SOUTH":"S"}},{"type":"Feature","id":434,"geometry":{"type":"Point","coordinates":[-153.623,-77.974]},"properties":{"OBJECTID":434,"LONGITUDE":-153.623,"LATITUDE":-77.974,"YEAR":1592,"NORTH_SOUTH":"S"}},{"type":"Feature","id":435,"geometry":{"type":"Point","coordinates":[-154.003,-77.98]},"properties":{"OBJECTID":435,"LONGITUDE":-154.003,"LATITUDE":-77.98,"YEAR":1593,"NORTH_SOUTH":"S"}},{"type":"Feature","id":436,"geometry":{"type":"Point","coordinates":[-154.393,-77.985]},"properties":{"OBJECTID":436,"LONGITUDE":-154.393,"LATITUDE":-77.985,"YEAR":1594,"NORTH_SOUTH":"S"}},{"type":"Feature","id":437,"geometry":{"type":"Point","coordinates":[-154.792,-77.989]},"properties":{"OBJECTID":437,"LONGITUDE":-154.792,"LATITUDE":-77.989,"YEAR":1595,"NORTH_SOUTH":"S"}},{"type":"Feature","id":438,"geometry":{"type":"Point","coordinates":[-155.193,-77.994]},"properties":{"OBJECTID":438,"LONGITUDE":-155.193,"LATITUDE":-77.994,"YEAR":1596,"NORTH_SOUTH":"S"}},{"type":"Feature","id":439,"geometry":{"type":"Point","coordinates":[-155.596,-77.999]},"properties":{"OBJECTID":439,"LONGITUDE":-155.596,"LATITUDE":-77.999,"YEAR":1597,"NORTH_SOUTH":"S"}},{"type":"Feature","id":440,"geometry":{"type":"Point","coordinates":[-156.003,-78.003]},"properties":{"OBJECTID":440,"LONGITUDE":-156.003,"LATITUDE":-78.003,"YEAR":1598,"NORTH_SOUTH":"S"}},{"type":"Feature","id":441,"geometry":{"type":"Point","coordinates":[-156.409,-78.0069999999999]},"properties":{"OBJECTID":441,"LONGITUDE":-156.409,"LATITUDE":-78.007,"YEAR":1599,"NORTH_SOUTH":"S"}},{"type":"Feature","id":442,"geometry":{"type":"Point","coordinates":[-156.82,-78.0119999999999]},"properties":{"OBJECTID":442,"LONGITUDE":-156.82,"LATITUDE":-78.012,"YEAR":1600,"NORTH_SOUTH":"S"}},{"type":"Feature","id":443,"geometry":{"type":"Point","coordinates":[-157.233,-78.016]},"properties":{"OBJECTID":443,"LONGITUDE":-157.233,"LATITUDE":-78.016,"YEAR":1601,"NORTH_SOUTH":"S"}},{"type":"Feature","id":444,"geometry":{"type":"Point","coordinates":[-157.642,-78.0189999999999]},"properties":{"OBJECTID":444,"LONGITUDE":-157.642,"LATITUDE":-78.019,"YEAR":1602,"NORTH_SOUTH":"S"}},{"type":"Feature","id":445,"geometry":{"type":"Point","coordinates":[-158.052,-78.023]},"properties":{"OBJECTID":445,"LONGITUDE":-158.052,"LATITUDE":-78.023,"YEAR":1603,"NORTH_SOUTH":"S"}},{"type":"Feature","id":446,"geometry":{"type":"Point","coordinates":[-158.46,-78.028]},"properties":{"OBJECTID":446,"LONGITUDE":-158.46,"LATITUDE":-78.028,"YEAR":1604,"NORTH_SOUTH":"S"}},{"type":"Feature","id":447,"geometry":{"type":"Point","coordinates":[-158.866,-78.0309999999999]},"properties":{"OBJECTID":447,"LONGITUDE":-158.866,"LATITUDE":-78.031,"YEAR":1605,"NORTH_SOUTH":"S"}},{"type":"Feature","id":448,"geometry":{"type":"Point","coordinates":[-159.27,-78.035]},"properties":{"OBJECTID":448,"LONGITUDE":-159.27,"LATITUDE":-78.035,"YEAR":1606,"NORTH_SOUTH":"S"}},{"type":"Feature","id":449,"geometry":{"type":"Point","coordinates":[-159.669,-78.039]},"properties":{"OBJECTID":449,"LONGITUDE":-159.669,"LATITUDE":-78.039,"YEAR":1607,"NORTH_SOUTH":"S"}},{"type":"Feature","id":450,"geometry":{"type":"Point","coordinates":[-160.06,-78.044]},"properties":{"OBJECTID":450,"LONGITUDE":-160.06,"LATITUDE":-78.044,"YEAR":1608,"NORTH_SOUTH":"S"}},{"type":"Feature","id":451,"geometry":{"type":"Point","coordinates":[-160.448,-78.0479999999999]},"properties":{"OBJECTID":451,"LONGITUDE":-160.448,"LATITUDE":-78.048,"YEAR":1609,"NORTH_SOUTH":"S"}},{"type":"Feature","id":452,"geometry":{"type":"Point","coordinates":[-160.832,-78.054]},"properties":{"OBJECTID":452,"LONGITUDE":-160.832,"LATITUDE":-78.054,"YEAR":1610,"NORTH_SOUTH":"S"}},{"type":"Feature","id":453,"geometry":{"type":"Point","coordinates":[-161.206,-78.0599999999999]},"properties":{"OBJECTID":453,"LONGITUDE":-161.206,"LATITUDE":-78.06,"YEAR":1611,"NORTH_SOUTH":"S"}},{"type":"Feature","id":454,"geometry":{"type":"Point","coordinates":[-161.572,-78.067]},"properties":{"OBJECTID":454,"LONGITUDE":-161.572,"LATITUDE":-78.067,"YEAR":1612,"NORTH_SOUTH":"S"}},{"type":"Feature","id":455,"geometry":{"type":"Point","coordinates":[-161.927,-78.075]},"properties":{"OBJECTID":455,"LONGITUDE":-161.927,"LATITUDE":-78.075,"YEAR":1613,"NORTH_SOUTH":"S"}},{"type":"Feature","id":456,"geometry":{"type":"Point","coordinates":[-162.275,-78.0839999999999]},"properties":{"OBJECTID":456,"LONGITUDE":-162.275,"LATITUDE":-78.084,"YEAR":1614,"NORTH_SOUTH":"S"}},{"type":"Feature","id":457,"geometry":{"type":"Point","coordinates":[-162.616,-78.0939999999999]},"properties":{"OBJECTID":457,"LONGITUDE":-162.616,"LATITUDE":-78.094,"YEAR":1615,"NORTH_SOUTH":"S"}},{"type":"Feature","id":458,"geometry":{"type":"Point","coordinates":[-162.953,-78.103]},"properties":{"OBJECTID":458,"LONGITUDE":-162.953,"LATITUDE":-78.103,"YEAR":1616,"NORTH_SOUTH":"S"}},{"type":"Feature","id":459,"geometry":{"type":"Point","coordinates":[-163.281,-78.115]},"properties":{"OBJECTID":459,"LONGITUDE":-163.281,"LATITUDE":-78.115,"YEAR":1617,"NORTH_SOUTH":"S"}},{"type":"Feature","id":460,"geometry":{"type":"Point","coordinates":[-163.609,-78.126]},"properties":{"OBJECTID":460,"LONGITUDE":-163.609,"LATITUDE":-78.126,"YEAR":1618,"NORTH_SOUTH":"S"}},{"type":"Feature","id":461,"geometry":{"type":"Point","coordinates":[-163.931,-78.139]},"properties":{"OBJECTID":461,"LONGITUDE":-163.931,"LATITUDE":-78.139,"YEAR":1619,"NORTH_SOUTH":"S"}},{"type":"Feature","id":462,"geometry":{"type":"Point","coordinates":[-164.251,-78.152]},"properties":{"OBJECTID":462,"LONGITUDE":-164.251,"LATITUDE":-78.152,"YEAR":1620,"NORTH_SOUTH":"S"}},{"type":"Feature","id":463,"geometry":{"type":"Point","coordinates":[-164.567,-78.164]},"properties":{"OBJECTID":463,"LONGITUDE":-164.567,"LATITUDE":-78.164,"YEAR":1621,"NORTH_SOUTH":"S"}},{"type":"Feature","id":464,"geometry":{"type":"Point","coordinates":[-164.883,-78.176]},"properties":{"OBJECTID":464,"LONGITUDE":-164.883,"LATITUDE":-78.176,"YEAR":1622,"NORTH_SOUTH":"S"}},{"type":"Feature","id":465,"geometry":{"type":"Point","coordinates":[-165.192,-78.189]},"properties":{"OBJECTID":465,"LONGITUDE":-165.192,"LATITUDE":-78.189,"YEAR":1623,"NORTH_SOUTH":"S"}},{"type":"Feature","id":466,"geometry":{"type":"Point","coordinates":[-165.499,-78.2]},"properties":{"OBJECTID":466,"LONGITUDE":-165.499,"LATITUDE":-78.2,"YEAR":1624,"NORTH_SOUTH":"S"}},{"type":"Feature","id":467,"geometry":{"type":"Point","coordinates":[-165.807,-78.211]},"properties":{"OBJECTID":467,"LONGITUDE":-165.807,"LATITUDE":-78.211,"YEAR":1625,"NORTH_SOUTH":"S"}},{"type":"Feature","id":468,"geometry":{"type":"Point","coordinates":[-166.112,-78.22]},"properties":{"OBJECTID":468,"LONGITUDE":-166.112,"LATITUDE":-78.22,"YEAR":1626,"NORTH_SOUTH":"S"}},{"type":"Feature","id":469,"geometry":{"type":"Point","coordinates":[-166.417,-78.229]},"properties":{"OBJECTID":469,"LONGITUDE":-166.417,"LATITUDE":-78.229,"YEAR":1627,"NORTH_SOUTH":"S"}},{"type":"Feature","id":470,"geometry":{"type":"Point","coordinates":[-166.718,-78.2379999999999]},"properties":{"OBJECTID":470,"LONGITUDE":-166.718,"LATITUDE":-78.238,"YEAR":1628,"NORTH_SOUTH":"S"}},{"type":"Feature","id":471,"geometry":{"type":"Point","coordinates":[-167.021,-78.2449999999999]},"properties":{"OBJECTID":471,"LONGITUDE":-167.021,"LATITUDE":-78.245,"YEAR":1629,"NORTH_SOUTH":"S"}},{"type":"Feature","id":472,"geometry":{"type":"Point","coordinates":[-167.323,-78.251]},"properties":{"OBJECTID":472,"LONGITUDE":-167.323,"LATITUDE":-78.251,"YEAR":1630,"NORTH_SOUTH":"S"}},{"type":"Feature","id":473,"geometry":{"type":"Point","coordinates":[-167.624,-78.2569999999999]},"properties":{"OBJECTID":473,"LONGITUDE":-167.624,"LATITUDE":-78.257,"YEAR":1631,"NORTH_SOUTH":"S"}},{"type":"Feature","id":474,"geometry":{"type":"Point","coordinates":[-167.924,-78.261]},"properties":{"OBJECTID":474,"LONGITUDE":-167.924,"LATITUDE":-78.261,"YEAR":1632,"NORTH_SOUTH":"S"}},{"type":"Feature","id":475,"geometry":{"type":"Point","coordinates":[-168.225,-78.264]},"properties":{"OBJECTID":475,"LONGITUDE":-168.225,"LATITUDE":-78.264,"YEAR":1633,"NORTH_SOUTH":"S"}},{"type":"Feature","id":476,"geometry":{"type":"Point","coordinates":[-168.525,-78.266]},"properties":{"OBJECTID":476,"LONGITUDE":-168.525,"LATITUDE":-78.266,"YEAR":1634,"NORTH_SOUTH":"S"}},{"type":"Feature","id":477,"geometry":{"type":"Point","coordinates":[-168.825,-78.266]},"properties":{"OBJECTID":477,"LONGITUDE":-168.825,"LATITUDE":-78.266,"YEAR":1635,"NORTH_SOUTH":"S"}},{"type":"Feature","id":478,"geometry":{"type":"Point","coordinates":[-169.124,-78.265]},"properties":{"OBJECTID":478,"LONGITUDE":-169.124,"LATITUDE":-78.265,"YEAR":1636,"NORTH_SOUTH":"S"}},{"type":"Feature","id":479,"geometry":{"type":"Point","coordinates":[-169.425,-78.263]},"properties":{"OBJECTID":479,"LONGITUDE":-169.425,"LATITUDE":-78.263,"YEAR":1637,"NORTH_SOUTH":"S"}},{"type":"Feature","id":480,"geometry":{"type":"Point","coordinates":[-169.723,-78.2599999999999]},"properties":{"OBJECTID":480,"LONGITUDE":-169.723,"LATITUDE":-78.26,"YEAR":1638,"NORTH_SOUTH":"S"}},{"type":"Feature","id":481,"geometry":{"type":"Point","coordinates":[-170.023,-78.256]},"properties":{"OBJECTID":481,"LONGITUDE":-170.023,"LATITUDE":-78.256,"YEAR":1639,"NORTH_SOUTH":"S"}},{"type":"Feature","id":482,"geometry":{"type":"Point","coordinates":[-170.322,-78.251]},"properties":{"OBJECTID":482,"LONGITUDE":-170.322,"LATITUDE":-78.251,"YEAR":1640,"NORTH_SOUTH":"S"}},{"type":"Feature","id":483,"geometry":{"type":"Point","coordinates":[-170.622,-78.246]},"properties":{"OBJECTID":483,"LONGITUDE":-170.622,"LATITUDE":-78.246,"YEAR":1641,"NORTH_SOUTH":"S"}},{"type":"Feature","id":484,"geometry":{"type":"Point","coordinates":[-170.922,-78.239]},"properties":{"OBJECTID":484,"LONGITUDE":-170.922,"LATITUDE":-78.239,"YEAR":1642,"NORTH_SOUTH":"S"}},{"type":"Feature","id":485,"geometry":{"type":"Point","coordinates":[-171.22,-78.234]},"properties":{"OBJECTID":485,"LONGITUDE":-171.22,"LATITUDE":-78.234,"YEAR":1643,"NORTH_SOUTH":"S"}},{"type":"Feature","id":486,"geometry":{"type":"Point","coordinates":[-171.518,-78.228]},"properties":{"OBJECTID":486,"LONGITUDE":-171.518,"LATITUDE":-78.228,"YEAR":1644,"NORTH_SOUTH":"S"}},{"type":"Feature","id":487,"geometry":{"type":"Point","coordinates":[-171.816,-78.222]},"properties":{"OBJECTID":487,"LONGITUDE":-171.816,"LATITUDE":-78.222,"YEAR":1645,"NORTH_SOUTH":"S"}},{"type":"Feature","id":488,"geometry":{"type":"Point","coordinates":[-172.11,-78.216]},"properties":{"OBJECTID":488,"LONGITUDE":-172.11,"LATITUDE":-78.216,"YEAR":1646,"NORTH_SOUTH":"S"}},{"type":"Feature","id":489,"geometry":{"type":"Point","coordinates":[-172.402,-78.2089999999999]},"properties":{"OBJECTID":489,"LONGITUDE":-172.402,"LATITUDE":-78.209,"YEAR":1647,"NORTH_SOUTH":"S"}},{"type":"Feature","id":490,"geometry":{"type":"Point","coordinates":[-172.69,-78.204]},"properties":{"OBJECTID":490,"LONGITUDE":-172.69,"LATITUDE":-78.204,"YEAR":1648,"NORTH_SOUTH":"S"}},{"type":"Feature","id":491,"geometry":{"type":"Point","coordinates":[-172.973,-78.198]},"properties":{"OBJECTID":491,"LONGITUDE":-172.973,"LATITUDE":-78.198,"YEAR":1649,"NORTH_SOUTH":"S"}},{"type":"Feature","id":492,"geometry":{"type":"Point","coordinates":[-173.248,-78.194]},"properties":{"OBJECTID":492,"LONGITUDE":-173.248,"LATITUDE":-78.194,"YEAR":1650,"NORTH_SOUTH":"S"}},{"type":"Feature","id":493,"geometry":{"type":"Point","coordinates":[-173.519,-78.188]},"properties":{"OBJECTID":493,"LONGITUDE":-173.519,"LATITUDE":-78.188,"YEAR":1651,"NORTH_SOUTH":"S"}},{"type":"Feature","id":494,"geometry":{"type":"Point","coordinates":[-173.782,-78.1829999999999]},"properties":{"OBJECTID":494,"LONGITUDE":-173.782,"LATITUDE":-78.183,"YEAR":1652,"NORTH_SOUTH":"S"}},{"type":"Feature","id":495,"geometry":{"type":"Point","coordinates":[-174.035,-78.1779999999999]},"properties":{"OBJECTID":495,"LONGITUDE":-174.035,"LATITUDE":-78.178,"YEAR":1653,"NORTH_SOUTH":"S"}},{"type":"Feature","id":496,"geometry":{"type":"Point","coordinates":[-174.281,-78.1729999999999]},"properties":{"OBJECTID":496,"LONGITUDE":-174.281,"LATITUDE":-78.173,"YEAR":1654,"NORTH_SOUTH":"S"}},{"type":"Feature","id":497,"geometry":{"type":"Point","coordinates":[-174.519,-78.169]},"properties":{"OBJECTID":497,"LONGITUDE":-174.519,"LATITUDE":-78.169,"YEAR":1655,"NORTH_SOUTH":"S"}},{"type":"Feature","id":498,"geometry":{"type":"Point","coordinates":[-174.743,-78.164]},"properties":{"OBJECTID":498,"LONGITUDE":-174.743,"LATITUDE":-78.164,"YEAR":1656,"NORTH_SOUTH":"S"}},{"type":"Feature","id":499,"geometry":{"type":"Point","coordinates":[-174.96,-78.16]},"properties":{"OBJECTID":499,"LONGITUDE":-174.96,"LATITUDE":-78.16,"YEAR":1657,"NORTH_SOUTH":"S"}},{"type":"Feature","id":500,"geometry":{"type":"Point","coordinates":[-175.167,-78.155]},"properties":{"OBJECTID":500,"LONGITUDE":-175.167,"LATITUDE":-78.155,"YEAR":1658,"NORTH_SOUTH":"S"}},{"type":"Feature","id":501,"geometry":{"type":"Point","coordinates":[-175.367,-78.1489999999999]},"properties":{"OBJECTID":501,"LONGITUDE":-175.367,"LATITUDE":-78.149,"YEAR":1659,"NORTH_SOUTH":"S"}},{"type":"Feature","id":502,"geometry":{"type":"Point","coordinates":[-175.56,-78.143]},"properties":{"OBJECTID":502,"LONGITUDE":-175.56,"LATITUDE":-78.143,"YEAR":1660,"NORTH_SOUTH":"S"}},{"type":"Feature","id":503,"geometry":{"type":"Point","coordinates":[-175.752,-78.138]},"properties":{"OBJECTID":503,"LONGITUDE":-175.752,"LATITUDE":-78.138,"YEAR":1661,"NORTH_SOUTH":"S"}},{"type":"Feature","id":504,"geometry":{"type":"Point","coordinates":[-175.946,-78.1319999999999]},"properties":{"OBJECTID":504,"LONGITUDE":-175.946,"LATITUDE":-78.132,"YEAR":1662,"NORTH_SOUTH":"S"}},{"type":"Feature","id":505,"geometry":{"type":"Point","coordinates":[-176.141,-78.126]},"properties":{"OBJECTID":505,"LONGITUDE":-176.141,"LATITUDE":-78.126,"YEAR":1663,"NORTH_SOUTH":"S"}},{"type":"Feature","id":506,"geometry":{"type":"Point","coordinates":[-176.343,-78.119]},"properties":{"OBJECTID":506,"LONGITUDE":-176.343,"LATITUDE":-78.119,"YEAR":1664,"NORTH_SOUTH":"S"}},{"type":"Feature","id":507,"geometry":{"type":"Point","coordinates":[-176.553,-78.112]},"properties":{"OBJECTID":507,"LONGITUDE":-176.553,"LATITUDE":-78.112,"YEAR":1665,"NORTH_SOUTH":"S"}},{"type":"Feature","id":508,"geometry":{"type":"Point","coordinates":[-176.772,-78.103]},"properties":{"OBJECTID":508,"LONGITUDE":-176.772,"LATITUDE":-78.103,"YEAR":1666,"NORTH_SOUTH":"S"}},{"type":"Feature","id":509,"geometry":{"type":"Point","coordinates":[-176.997,-78.0939999999999]},"properties":{"OBJECTID":509,"LONGITUDE":-176.997,"LATITUDE":-78.094,"YEAR":1667,"NORTH_SOUTH":"S"}},{"type":"Feature","id":510,"geometry":{"type":"Point","coordinates":[-177.228,-78.086]},"properties":{"OBJECTID":510,"LONGITUDE":-177.228,"LATITUDE":-78.086,"YEAR":1668,"NORTH_SOUTH":"S"}},{"type":"Feature","id":511,"geometry":{"type":"Point","coordinates":[-177.465,-78.076]},"properties":{"OBJECTID":511,"LONGITUDE":-177.465,"LATITUDE":-78.076,"YEAR":1669,"NORTH_SOUTH":"S"}},{"type":"Feature","id":512,"geometry":{"type":"Point","coordinates":[-177.71,-78.066]},"properties":{"OBJECTID":512,"LONGITUDE":-177.71,"LATITUDE":-78.066,"YEAR":1670,"NORTH_SOUTH":"S"}},{"type":"Feature","id":513,"geometry":{"type":"Point","coordinates":[-177.961,-78.0549999999999]},"properties":{"OBJECTID":513,"LONGITUDE":-177.961,"LATITUDE":-78.055,"YEAR":1671,"NORTH_SOUTH":"S"}},{"type":"Feature","id":514,"geometry":{"type":"Point","coordinates":[-178.218,-78.044]},"properties":{"OBJECTID":514,"LONGITUDE":-178.218,"LATITUDE":-78.044,"YEAR":1672,"NORTH_SOUTH":"S"}},{"type":"Feature","id":515,"geometry":{"type":"Point","coordinates":[-178.477,-78.0309999999999]},"properties":{"OBJECTID":515,"LONGITUDE":-178.477,"LATITUDE":-78.031,"YEAR":1673,"NORTH_SOUTH":"S"}},{"type":"Feature","id":516,"geometry":{"type":"Point","coordinates":[-178.739,-78.0169999999999]},"properties":{"OBJECTID":516,"LONGITUDE":-178.739,"LATITUDE":-78.017,"YEAR":1674,"NORTH_SOUTH":"S"}},{"type":"Feature","id":517,"geometry":{"type":"Point","coordinates":[-178.996,-78.003]},"properties":{"OBJECTID":517,"LONGITUDE":-178.996,"LATITUDE":-78.003,"YEAR":1675,"NORTH_SOUTH":"S"}},{"type":"Feature","id":518,"geometry":{"type":"Point","coordinates":[-179.254,-77.9879999999999]},"properties":{"OBJECTID":518,"LONGITUDE":-179.254,"LATITUDE":-77.988,"YEAR":1676,"NORTH_SOUTH":"S"}},{"type":"Feature","id":519,"geometry":{"type":"Point","coordinates":[-179.505,-77.973]},"properties":{"OBJECTID":519,"LONGITUDE":-179.505,"LATITUDE":-77.973,"YEAR":1677,"NORTH_SOUTH":"S"}},{"type":"Feature","id":520,"geometry":{"type":"Point","coordinates":[-179.748,-77.9569999999999]},"properties":{"OBJECTID":520,"LONGITUDE":-179.748,"LATITUDE":-77.957,"YEAR":1678,"NORTH_SOUTH":"S"}},{"type":"Feature","id":521,"geometry":{"type":"Point","coordinates":[-179.986,-77.941]},"properties":{"OBJECTID":521,"LONGITUDE":-179.986,"LATITUDE":-77.941,"YEAR":1679,"NORTH_SOUTH":"S"}},{"type":"Feature","id":522,"geometry":{"type":"Point","coordinates":[179.786,-77.926]},"properties":{"OBJECTID":522,"LONGITUDE":179.786,"LATITUDE":-77.926,"YEAR":1680,"NORTH_SOUTH":"S"}},{"type":"Feature","id":523,"geometry":{"type":"Point","coordinates":[179.564,-77.91]},"properties":{"OBJECTID":523,"LONGITUDE":179.564,"LATITUDE":-77.91,"YEAR":1681,"NORTH_SOUTH":"S"}},{"type":"Feature","id":524,"geometry":{"type":"Point","coordinates":[179.351,-77.896]},"properties":{"OBJECTID":524,"LONGITUDE":179.351,"LATITUDE":-77.896,"YEAR":1682,"NORTH_SOUTH":"S"}},{"type":"Feature","id":525,"geometry":{"type":"Point","coordinates":[179.143,-77.8819999999999]},"properties":{"OBJECTID":525,"LONGITUDE":179.143,"LATITUDE":-77.882,"YEAR":1683,"NORTH_SOUTH":"S"}},{"type":"Feature","id":526,"geometry":{"type":"Point","coordinates":[178.939,-77.869]},"properties":{"OBJECTID":526,"LONGITUDE":178.939,"LATITUDE":-77.869,"YEAR":1684,"NORTH_SOUTH":"S"}},{"type":"Feature","id":527,"geometry":{"type":"Point","coordinates":[178.741,-77.859]},"properties":{"OBJECTID":527,"LONGITUDE":178.741,"LATITUDE":-77.859,"YEAR":1685,"NORTH_SOUTH":"S"}},{"type":"Feature","id":528,"geometry":{"type":"Point","coordinates":[178.543,-77.849]},"properties":{"OBJECTID":528,"LONGITUDE":178.543,"LATITUDE":-77.849,"YEAR":1686,"NORTH_SOUTH":"S"}},{"type":"Feature","id":529,"geometry":{"type":"Point","coordinates":[178.348,-77.84]},"properties":{"OBJECTID":529,"LONGITUDE":178.348,"LATITUDE":-77.84,"YEAR":1687,"NORTH_SOUTH":"S"}},{"type":"Feature","id":530,"geometry":{"type":"Point","coordinates":[178.151,-77.833]},"properties":{"OBJECTID":530,"LONGITUDE":178.151,"LATITUDE":-77.833,"YEAR":1688,"NORTH_SOUTH":"S"}},{"type":"Feature","id":531,"geometry":{"type":"Point","coordinates":[177.957,-77.828]},"properties":{"OBJECTID":531,"LONGITUDE":177.957,"LATITUDE":-77.828,"YEAR":1689,"NORTH_SOUTH":"S"}},{"type":"Feature","id":532,"geometry":{"type":"Point","coordinates":[177.763,-77.824]},"properties":{"OBJECTID":532,"LONGITUDE":177.763,"LATITUDE":-77.824,"YEAR":1690,"NORTH_SOUTH":"S"}},{"type":"Feature","id":533,"geometry":{"type":"Point","coordinates":[177.569,-77.8219999999999]},"properties":{"OBJECTID":533,"LONGITUDE":177.569,"LATITUDE":-77.822,"YEAR":1691,"NORTH_SOUTH":"S"}},{"type":"Feature","id":534,"geometry":{"type":"Point","coordinates":[177.375,-77.8219999999999]},"properties":{"OBJECTID":534,"LONGITUDE":177.375,"LATITUDE":-77.822,"YEAR":1692,"NORTH_SOUTH":"S"}},{"type":"Feature","id":535,"geometry":{"type":"Point","coordinates":[177.182,-77.823]},"properties":{"OBJECTID":535,"LONGITUDE":177.182,"LATITUDE":-77.823,"YEAR":1693,"NORTH_SOUTH":"S"}},{"type":"Feature","id":536,"geometry":{"type":"Point","coordinates":[176.988,-77.824]},"properties":{"OBJECTID":536,"LONGITUDE":176.988,"LATITUDE":-77.824,"YEAR":1694,"NORTH_SOUTH":"S"}},{"type":"Feature","id":537,"geometry":{"type":"Point","coordinates":[176.791,-77.8269999999999]},"properties":{"OBJECTID":537,"LONGITUDE":176.791,"LATITUDE":-77.827,"YEAR":1695,"NORTH_SOUTH":"S"}},{"type":"Feature","id":538,"geometry":{"type":"Point","coordinates":[176.596,-77.8319999999999]},"properties":{"OBJECTID":538,"LONGITUDE":176.596,"LATITUDE":-77.832,"YEAR":1696,"NORTH_SOUTH":"S"}},{"type":"Feature","id":539,"geometry":{"type":"Point","coordinates":[176.398,-77.836]},"properties":{"OBJECTID":539,"LONGITUDE":176.398,"LATITUDE":-77.836,"YEAR":1697,"NORTH_SOUTH":"S"}},{"type":"Feature","id":540,"geometry":{"type":"Point","coordinates":[176.196,-77.841]},"properties":{"OBJECTID":540,"LONGITUDE":176.196,"LATITUDE":-77.841,"YEAR":1698,"NORTH_SOUTH":"S"}},{"type":"Feature","id":541,"geometry":{"type":"Point","coordinates":[175.995,-77.847]},"properties":{"OBJECTID":541,"LONGITUDE":175.995,"LATITUDE":-77.847,"YEAR":1699,"NORTH_SOUTH":"S"}},{"type":"Feature","id":542,"geometry":{"type":"Point","coordinates":[175.787,-77.853]},"properties":{"OBJECTID":542,"LONGITUDE":175.787,"LATITUDE":-77.853,"YEAR":1700,"NORTH_SOUTH":"S"}},{"type":"Feature","id":543,"geometry":{"type":"Point","coordinates":[175.577,-77.86]},"properties":{"OBJECTID":543,"LONGITUDE":175.577,"LATITUDE":-77.86,"YEAR":1701,"NORTH_SOUTH":"S"}},{"type":"Feature","id":544,"geometry":{"type":"Point","coordinates":[175.357,-77.867]},"properties":{"OBJECTID":544,"LONGITUDE":175.357,"LATITUDE":-77.867,"YEAR":1702,"NORTH_SOUTH":"S"}},{"type":"Feature","id":545,"geometry":{"type":"Point","coordinates":[175.134,-77.8729999999999]},"properties":{"OBJECTID":545,"LONGITUDE":175.134,"LATITUDE":-77.873,"YEAR":1703,"NORTH_SOUTH":"S"}},{"type":"Feature","id":546,"geometry":{"type":"Point","coordinates":[174.9,-77.878]},"properties":{"OBJECTID":546,"LONGITUDE":174.9,"LATITUDE":-77.878,"YEAR":1704,"NORTH_SOUTH":"S"}},{"type":"Feature","id":547,"geometry":{"type":"Point","coordinates":[174.658,-77.883]},"properties":{"OBJECTID":547,"LONGITUDE":174.658,"LATITUDE":-77.883,"YEAR":1705,"NORTH_SOUTH":"S"}},{"type":"Feature","id":548,"geometry":{"type":"Point","coordinates":[174.403,-77.886]},"properties":{"OBJECTID":548,"LONGITUDE":174.403,"LATITUDE":-77.886,"YEAR":1706,"NORTH_SOUTH":"S"}},{"type":"Feature","id":549,"geometry":{"type":"Point","coordinates":[174.131,-77.8869999999999]},"properties":{"OBJECTID":549,"LONGITUDE":174.131,"LATITUDE":-77.887,"YEAR":1707,"NORTH_SOUTH":"S"}},{"type":"Feature","id":550,"geometry":{"type":"Point","coordinates":[173.845,-77.8869999999999]},"properties":{"OBJECTID":550,"LONGITUDE":173.845,"LATITUDE":-77.887,"YEAR":1708,"NORTH_SOUTH":"S"}},{"type":"Feature","id":551,"geometry":{"type":"Point","coordinates":[173.537,-77.8849999999999]},"properties":{"OBJECTID":551,"LONGITUDE":173.537,"LATITUDE":-77.885,"YEAR":1709,"NORTH_SOUTH":"S"}},{"type":"Feature","id":552,"geometry":{"type":"Point","coordinates":[173.211,-77.8799999999999]},"properties":{"OBJECTID":552,"LONGITUDE":173.211,"LATITUDE":-77.88,"YEAR":1710,"NORTH_SOUTH":"S"}},{"type":"Feature","id":553,"geometry":{"type":"Point","coordinates":[172.87,-77.8729999999999]},"properties":{"OBJECTID":553,"LONGITUDE":172.87,"LATITUDE":-77.873,"YEAR":1711,"NORTH_SOUTH":"S"}},{"type":"Feature","id":554,"geometry":{"type":"Point","coordinates":[172.513,-77.8629999999999]},"properties":{"OBJECTID":554,"LONGITUDE":172.513,"LATITUDE":-77.863,"YEAR":1712,"NORTH_SOUTH":"S"}},{"type":"Feature","id":555,"geometry":{"type":"Point","coordinates":[172.142,-77.853]},"properties":{"OBJECTID":555,"LONGITUDE":172.142,"LATITUDE":-77.853,"YEAR":1713,"NORTH_SOUTH":"S"}},{"type":"Feature","id":556,"geometry":{"type":"Point","coordinates":[171.762,-77.84]},"properties":{"OBJECTID":556,"LONGITUDE":171.762,"LATITUDE":-77.84,"YEAR":1714,"NORTH_SOUTH":"S"}},{"type":"Feature","id":557,"geometry":{"type":"Point","coordinates":[171.373,-77.826]},"properties":{"OBJECTID":557,"LONGITUDE":171.373,"LATITUDE":-77.826,"YEAR":1715,"NORTH_SOUTH":"S"}},{"type":"Feature","id":558,"geometry":{"type":"Point","coordinates":[170.98,-77.811]},"properties":{"OBJECTID":558,"LONGITUDE":170.98,"LATITUDE":-77.811,"YEAR":1716,"NORTH_SOUTH":"S"}},{"type":"Feature","id":559,"geometry":{"type":"Point","coordinates":[170.581,-77.797]},"properties":{"OBJECTID":559,"LONGITUDE":170.581,"LATITUDE":-77.797,"YEAR":1717,"NORTH_SOUTH":"S"}},{"type":"Feature","id":560,"geometry":{"type":"Point","coordinates":[170.186,-77.783]},"properties":{"OBJECTID":560,"LONGITUDE":170.186,"LATITUDE":-77.783,"YEAR":1718,"NORTH_SOUTH":"S"}},{"type":"Feature","id":561,"geometry":{"type":"Point","coordinates":[169.793,-77.771]},"properties":{"OBJECTID":561,"LONGITUDE":169.793,"LATITUDE":-77.771,"YEAR":1719,"NORTH_SOUTH":"S"}},{"type":"Feature","id":562,"geometry":{"type":"Point","coordinates":[169.412,-77.7599999999999]},"properties":{"OBJECTID":562,"LONGITUDE":169.412,"LATITUDE":-77.76,"YEAR":1720,"NORTH_SOUTH":"S"}},{"type":"Feature","id":563,"geometry":{"type":"Point","coordinates":[169.044,-77.752]},"properties":{"OBJECTID":563,"LONGITUDE":169.044,"LATITUDE":-77.752,"YEAR":1721,"NORTH_SOUTH":"S"}},{"type":"Feature","id":564,"geometry":{"type":"Point","coordinates":[168.694,-77.7449999999999]},"properties":{"OBJECTID":564,"LONGITUDE":168.694,"LATITUDE":-77.745,"YEAR":1722,"NORTH_SOUTH":"S"}},{"type":"Feature","id":565,"geometry":{"type":"Point","coordinates":[168.366,-77.742]},"properties":{"OBJECTID":565,"LONGITUDE":168.366,"LATITUDE":-77.742,"YEAR":1723,"NORTH_SOUTH":"S"}},{"type":"Feature","id":566,"geometry":{"type":"Point","coordinates":[168.065,-77.744]},"properties":{"OBJECTID":566,"LONGITUDE":168.065,"LATITUDE":-77.744,"YEAR":1724,"NORTH_SOUTH":"S"}},{"type":"Feature","id":567,"geometry":{"type":"Point","coordinates":[167.791,-77.7499999999999]},"properties":{"OBJECTID":567,"LONGITUDE":167.791,"LATITUDE":-77.75,"YEAR":1725,"NORTH_SOUTH":"S"}},{"type":"Feature","id":568,"geometry":{"type":"Point","coordinates":[167.544,-77.7599999999999]},"properties":{"OBJECTID":568,"LONGITUDE":167.544,"LATITUDE":-77.76,"YEAR":1726,"NORTH_SOUTH":"S"}},{"type":"Feature","id":569,"geometry":{"type":"Point","coordinates":[167.327,-77.7739999999999]},"properties":{"OBJECTID":569,"LONGITUDE":167.327,"LATITUDE":-77.774,"YEAR":1727,"NORTH_SOUTH":"S"}},{"type":"Feature","id":570,"geometry":{"type":"Point","coordinates":[167.13,-77.7909999999999]},"properties":{"OBJECTID":570,"LONGITUDE":167.13,"LATITUDE":-77.791,"YEAR":1728,"NORTH_SOUTH":"S"}},{"type":"Feature","id":571,"geometry":{"type":"Point","coordinates":[166.953,-77.8099999999999]},"properties":{"OBJECTID":571,"LONGITUDE":166.953,"LATITUDE":-77.81,"YEAR":1729,"NORTH_SOUTH":"S"}},{"type":"Feature","id":572,"geometry":{"type":"Point","coordinates":[166.791,-77.83]},"properties":{"OBJECTID":572,"LONGITUDE":166.791,"LATITUDE":-77.83,"YEAR":1730,"NORTH_SOUTH":"S"}},{"type":"Feature","id":573,"geometry":{"type":"Point","coordinates":[166.636,-77.8509999999999]},"properties":{"OBJECTID":573,"LONGITUDE":166.636,"LATITUDE":-77.851,"YEAR":1731,"NORTH_SOUTH":"S"}},{"type":"Feature","id":574,"geometry":{"type":"Point","coordinates":[166.488,-77.872]},"properties":{"OBJECTID":574,"LONGITUDE":166.488,"LATITUDE":-77.872,"YEAR":1732,"NORTH_SOUTH":"S"}},{"type":"Feature","id":575,"geometry":{"type":"Point","coordinates":[166.344,-77.891]},"properties":{"OBJECTID":575,"LONGITUDE":166.344,"LATITUDE":-77.891,"YEAR":1733,"NORTH_SOUTH":"S"}},{"type":"Feature","id":576,"geometry":{"type":"Point","coordinates":[166.201,-77.91]},"properties":{"OBJECTID":576,"LONGITUDE":166.201,"LATITUDE":-77.91,"YEAR":1734,"NORTH_SOUTH":"S"}},{"type":"Feature","id":577,"geometry":{"type":"Point","coordinates":[166.062,-77.927]},"properties":{"OBJECTID":577,"LONGITUDE":166.062,"LATITUDE":-77.927,"YEAR":1735,"NORTH_SOUTH":"S"}},{"type":"Feature","id":578,"geometry":{"type":"Point","coordinates":[165.92,-77.942]},"properties":{"OBJECTID":578,"LONGITUDE":165.92,"LATITUDE":-77.942,"YEAR":1736,"NORTH_SOUTH":"S"}},{"type":"Feature","id":579,"geometry":{"type":"Point","coordinates":[165.778,-77.9569999999999]},"properties":{"OBJECTID":579,"LONGITUDE":165.778,"LATITUDE":-77.957,"YEAR":1737,"NORTH_SOUTH":"S"}},{"type":"Feature","id":580,"geometry":{"type":"Point","coordinates":[165.632,-77.9709999999999]},"properties":{"OBJECTID":580,"LONGITUDE":165.632,"LATITUDE":-77.971,"YEAR":1738,"NORTH_SOUTH":"S"}},{"type":"Feature","id":581,"geometry":{"type":"Point","coordinates":[165.48,-77.982]},"properties":{"OBJECTID":581,"LONGITUDE":165.48,"LATITUDE":-77.982,"YEAR":1739,"NORTH_SOUTH":"S"}},{"type":"Feature","id":582,"geometry":{"type":"Point","coordinates":[165.324,-77.9929999999999]},"properties":{"OBJECTID":582,"LONGITUDE":165.324,"LATITUDE":-77.993,"YEAR":1740,"NORTH_SOUTH":"S"}},{"type":"Feature","id":583,"geometry":{"type":"Point","coordinates":[165.164,-78.004]},"properties":{"OBJECTID":583,"LONGITUDE":165.164,"LATITUDE":-78.004,"YEAR":1741,"NORTH_SOUTH":"S"}},{"type":"Feature","id":584,"geometry":{"type":"Point","coordinates":[164.997,-78.013]},"properties":{"OBJECTID":584,"LONGITUDE":164.997,"LATITUDE":-78.013,"YEAR":1742,"NORTH_SOUTH":"S"}},{"type":"Feature","id":585,"geometry":{"type":"Point","coordinates":[164.828,-78.02]},"properties":{"OBJECTID":585,"LONGITUDE":164.828,"LATITUDE":-78.02,"YEAR":1743,"NORTH_SOUTH":"S"}},{"type":"Feature","id":586,"geometry":{"type":"Point","coordinates":[164.655,-78.027]},"properties":{"OBJECTID":586,"LONGITUDE":164.655,"LATITUDE":-78.027,"YEAR":1744,"NORTH_SOUTH":"S"}},{"type":"Feature","id":587,"geometry":{"type":"Point","coordinates":[164.483,-78.0339999999999]},"properties":{"OBJECTID":587,"LONGITUDE":164.483,"LATITUDE":-78.034,"YEAR":1745,"NORTH_SOUTH":"S"}},{"type":"Feature","id":588,"geometry":{"type":"Point","coordinates":[164.313,-78.039]},"properties":{"OBJECTID":588,"LONGITUDE":164.313,"LATITUDE":-78.039,"YEAR":1746,"NORTH_SOUTH":"S"}},{"type":"Feature","id":589,"geometry":{"type":"Point","coordinates":[164.143,-78.042]},"properties":{"OBJECTID":589,"LONGITUDE":164.143,"LATITUDE":-78.042,"YEAR":1747,"NORTH_SOUTH":"S"}},{"type":"Feature","id":590,"geometry":{"type":"Point","coordinates":[163.983,-78.045]},"properties":{"OBJECTID":590,"LONGITUDE":163.983,"LATITUDE":-78.045,"YEAR":1748,"NORTH_SOUTH":"S"}},{"type":"Feature","id":591,"geometry":{"type":"Point","coordinates":[163.825,-78.0459999999999]},"properties":{"OBJECTID":591,"LONGITUDE":163.825,"LATITUDE":-78.046,"YEAR":1749,"NORTH_SOUTH":"S"}},{"type":"Feature","id":592,"geometry":{"type":"Point","coordinates":[163.679,-78.045]},"properties":{"OBJECTID":592,"LONGITUDE":163.679,"LATITUDE":-78.045,"YEAR":1750,"NORTH_SOUTH":"S"}},{"type":"Feature","id":593,"geometry":{"type":"Point","coordinates":[163.543,-78.0429999999999]},"properties":{"OBJECTID":593,"LONGITUDE":163.543,"LATITUDE":-78.043,"YEAR":1751,"NORTH_SOUTH":"S"}},{"type":"Feature","id":594,"geometry":{"type":"Point","coordinates":[163.415,-78.037]},"properties":{"OBJECTID":594,"LONGITUDE":163.415,"LATITUDE":-78.037,"YEAR":1752,"NORTH_SOUTH":"S"}},{"type":"Feature","id":595,"geometry":{"type":"Point","coordinates":[163.297,-78.028]},"properties":{"OBJECTID":595,"LONGITUDE":163.297,"LATITUDE":-78.028,"YEAR":1753,"NORTH_SOUTH":"S"}},{"type":"Feature","id":596,"geometry":{"type":"Point","coordinates":[163.186,-78.0169999999999]},"properties":{"OBJECTID":596,"LONGITUDE":163.186,"LATITUDE":-78.017,"YEAR":1754,"NORTH_SOUTH":"S"}},{"type":"Feature","id":597,"geometry":{"type":"Point","coordinates":[163.078,-78.001]},"properties":{"OBJECTID":597,"LONGITUDE":163.078,"LATITUDE":-78.001,"YEAR":1755,"NORTH_SOUTH":"S"}},{"type":"Feature","id":598,"geometry":{"type":"Point","coordinates":[162.968,-77.98]},"properties":{"OBJECTID":598,"LONGITUDE":162.968,"LATITUDE":-77.98,"YEAR":1756,"NORTH_SOUTH":"S"}},{"type":"Feature","id":599,"geometry":{"type":"Point","coordinates":[162.855,-77.9519999999999]},"properties":{"OBJECTID":599,"LONGITUDE":162.855,"LATITUDE":-77.952,"YEAR":1757,"NORTH_SOUTH":"S"}},{"type":"Feature","id":600,"geometry":{"type":"Point","coordinates":[162.735,-77.9209999999999]},"properties":{"OBJECTID":600,"LONGITUDE":162.735,"LATITUDE":-77.921,"YEAR":1758,"NORTH_SOUTH":"S"}},{"type":"Feature","id":601,"geometry":{"type":"Point","coordinates":[162.615,-77.886]},"properties":{"OBJECTID":601,"LONGITUDE":162.615,"LATITUDE":-77.886,"YEAR":1759,"NORTH_SOUTH":"S"}},{"type":"Feature","id":602,"geometry":{"type":"Point","coordinates":[162.49,-77.847]},"properties":{"OBJECTID":602,"LONGITUDE":162.49,"LATITUDE":-77.847,"YEAR":1760,"NORTH_SOUTH":"S"}},{"type":"Feature","id":603,"geometry":{"type":"Point","coordinates":[162.364,-77.804]},"properties":{"OBJECTID":603,"LONGITUDE":162.364,"LATITUDE":-77.804,"YEAR":1761,"NORTH_SOUTH":"S"}},{"type":"Feature","id":604,"geometry":{"type":"Point","coordinates":[162.24,-77.761]},"properties":{"OBJECTID":604,"LONGITUDE":162.24,"LATITUDE":-77.761,"YEAR":1762,"NORTH_SOUTH":"S"}},{"type":"Feature","id":605,"geometry":{"type":"Point","coordinates":[162.118,-77.716]},"properties":{"OBJECTID":605,"LONGITUDE":162.118,"LATITUDE":-77.716,"YEAR":1763,"NORTH_SOUTH":"S"}},{"type":"Feature","id":606,"geometry":{"type":"Point","coordinates":[161.995,-77.669]},"properties":{"OBJECTID":606,"LONGITUDE":161.995,"LATITUDE":-77.669,"YEAR":1764,"NORTH_SOUTH":"S"}},{"type":"Feature","id":607,"geometry":{"type":"Point","coordinates":[161.872,-77.6199999999999]},"properties":{"OBJECTID":607,"LONGITUDE":161.872,"LATITUDE":-77.62,"YEAR":1765,"NORTH_SOUTH":"S"}},{"type":"Feature","id":608,"geometry":{"type":"Point","coordinates":[161.739,-77.568]},"properties":{"OBJECTID":608,"LONGITUDE":161.739,"LATITUDE":-77.568,"YEAR":1766,"NORTH_SOUTH":"S"}},{"type":"Feature","id":609,"geometry":{"type":"Point","coordinates":[161.6,-77.5099999999999]},"properties":{"OBJECTID":609,"LONGITUDE":161.6,"LATITUDE":-77.51,"YEAR":1767,"NORTH_SOUTH":"S"}},{"type":"Feature","id":610,"geometry":{"type":"Point","coordinates":[161.46,-77.449]},"properties":{"OBJECTID":610,"LONGITUDE":161.46,"LATITUDE":-77.449,"YEAR":1768,"NORTH_SOUTH":"S"}},{"type":"Feature","id":611,"geometry":{"type":"Point","coordinates":[161.314,-77.383]},"properties":{"OBJECTID":611,"LONGITUDE":161.314,"LATITUDE":-77.383,"YEAR":1769,"NORTH_SOUTH":"S"}},{"type":"Feature","id":612,"geometry":{"type":"Point","coordinates":[161.178,-77.317]},"properties":{"OBJECTID":612,"LONGITUDE":161.178,"LATITUDE":-77.317,"YEAR":1770,"NORTH_SOUTH":"S"}},{"type":"Feature","id":613,"geometry":{"type":"Point","coordinates":[161.051,-77.2479999999999]},"properties":{"OBJECTID":613,"LONGITUDE":161.051,"LATITUDE":-77.248,"YEAR":1771,"NORTH_SOUTH":"S"}},{"type":"Feature","id":614,"geometry":{"type":"Point","coordinates":[160.936,-77.181]},"properties":{"OBJECTID":614,"LONGITUDE":160.936,"LATITUDE":-77.181,"YEAR":1772,"NORTH_SOUTH":"S"}},{"type":"Feature","id":615,"geometry":{"type":"Point","coordinates":[160.832,-77.116]},"properties":{"OBJECTID":615,"LONGITUDE":160.832,"LATITUDE":-77.116,"YEAR":1773,"NORTH_SOUTH":"S"}},{"type":"Feature","id":616,"geometry":{"type":"Point","coordinates":[160.731,-77.0529999999999]},"properties":{"OBJECTID":616,"LONGITUDE":160.731,"LATITUDE":-77.053,"YEAR":1774,"NORTH_SOUTH":"S"}},{"type":"Feature","id":617,"geometry":{"type":"Point","coordinates":[160.634,-76.991]},"properties":{"OBJECTID":617,"LONGITUDE":160.634,"LATITUDE":-76.991,"YEAR":1775,"NORTH_SOUTH":"S"}},{"type":"Feature","id":618,"geometry":{"type":"Point","coordinates":[160.538,-76.9329999999999]},"properties":{"OBJECTID":618,"LONGITUDE":160.538,"LATITUDE":-76.933,"YEAR":1776,"NORTH_SOUTH":"S"}},{"type":"Feature","id":619,"geometry":{"type":"Point","coordinates":[160.434,-76.8749999999999]},"properties":{"OBJECTID":619,"LONGITUDE":160.434,"LATITUDE":-76.875,"YEAR":1777,"NORTH_SOUTH":"S"}},{"type":"Feature","id":620,"geometry":{"type":"Point","coordinates":[160.313,-76.817]},"properties":{"OBJECTID":620,"LONGITUDE":160.313,"LATITUDE":-76.817,"YEAR":1778,"NORTH_SOUTH":"S"}},{"type":"Feature","id":621,"geometry":{"type":"Point","coordinates":[160.172,-76.7599999999999]},"properties":{"OBJECTID":621,"LONGITUDE":160.172,"LATITUDE":-76.76,"YEAR":1779,"NORTH_SOUTH":"S"}},{"type":"Feature","id":622,"geometry":{"type":"Point","coordinates":[160.007,-76.7]},"properties":{"OBJECTID":622,"LONGITUDE":160.007,"LATITUDE":-76.7,"YEAR":1780,"NORTH_SOUTH":"S"}},{"type":"Feature","id":623,"geometry":{"type":"Point","coordinates":[159.818,-76.639]},"properties":{"OBJECTID":623,"LONGITUDE":159.818,"LATITUDE":-76.639,"YEAR":1781,"NORTH_SOUTH":"S"}},{"type":"Feature","id":624,"geometry":{"type":"Point","coordinates":[159.605,-76.575]},"properties":{"OBJECTID":624,"LONGITUDE":159.605,"LATITUDE":-76.575,"YEAR":1782,"NORTH_SOUTH":"S"}},{"type":"Feature","id":625,"geometry":{"type":"Point","coordinates":[159.37,-76.509]},"properties":{"OBJECTID":625,"LONGITUDE":159.37,"LATITUDE":-76.509,"YEAR":1783,"NORTH_SOUTH":"S"}},{"type":"Feature","id":626,"geometry":{"type":"Point","coordinates":[159.109,-76.4399999999999]},"properties":{"OBJECTID":626,"LONGITUDE":159.109,"LATITUDE":-76.44,"YEAR":1784,"NORTH_SOUTH":"S"}},{"type":"Feature","id":627,"geometry":{"type":"Point","coordinates":[158.823,-76.3679999999999]},"properties":{"OBJECTID":627,"LONGITUDE":158.823,"LATITUDE":-76.368,"YEAR":1785,"NORTH_SOUTH":"S"}},{"type":"Feature","id":628,"geometry":{"type":"Point","coordinates":[158.513,-76.2929999999999]},"properties":{"OBJECTID":628,"LONGITUDE":158.513,"LATITUDE":-76.293,"YEAR":1786,"NORTH_SOUTH":"S"}},{"type":"Feature","id":629,"geometry":{"type":"Point","coordinates":[158.189,-76.216]},"properties":{"OBJECTID":629,"LONGITUDE":158.189,"LATITUDE":-76.216,"YEAR":1787,"NORTH_SOUTH":"S"}},{"type":"Feature","id":630,"geometry":{"type":"Point","coordinates":[157.862,-76.141]},"properties":{"OBJECTID":630,"LONGITUDE":157.862,"LATITUDE":-76.141,"YEAR":1788,"NORTH_SOUTH":"S"}},{"type":"Feature","id":631,"geometry":{"type":"Point","coordinates":[157.536,-76.067]},"properties":{"OBJECTID":631,"LONGITUDE":157.536,"LATITUDE":-76.067,"YEAR":1789,"NORTH_SOUTH":"S"}},{"type":"Feature","id":632,"geometry":{"type":"Point","coordinates":[157.225,-75.9979999999999]},"properties":{"OBJECTID":632,"LONGITUDE":157.225,"LATITUDE":-75.998,"YEAR":1790,"NORTH_SOUTH":"S"}},{"type":"Feature","id":633,"geometry":{"type":"Point","coordinates":[156.931,-75.932]},"properties":{"OBJECTID":633,"LONGITUDE":156.931,"LATITUDE":-75.932,"YEAR":1791,"NORTH_SOUTH":"S"}},{"type":"Feature","id":634,"geometry":{"type":"Point","coordinates":[156.656,-75.8729999999999]},"properties":{"OBJECTID":634,"LONGITUDE":156.656,"LATITUDE":-75.873,"YEAR":1792,"NORTH_SOUTH":"S"}},{"type":"Feature","id":635,"geometry":{"type":"Point","coordinates":[156.4,-75.819]},"properties":{"OBJECTID":635,"LONGITUDE":156.4,"LATITUDE":-75.819,"YEAR":1793,"NORTH_SOUTH":"S"}},{"type":"Feature","id":636,"geometry":{"type":"Point","coordinates":[156.16,-75.7689999999999]},"properties":{"OBJECTID":636,"LONGITUDE":156.16,"LATITUDE":-75.769,"YEAR":1794,"NORTH_SOUTH":"S"}},{"type":"Feature","id":637,"geometry":{"type":"Point","coordinates":[155.934,-75.722]},"properties":{"OBJECTID":637,"LONGITUDE":155.934,"LATITUDE":-75.722,"YEAR":1795,"NORTH_SOUTH":"S"}},{"type":"Feature","id":638,"geometry":{"type":"Point","coordinates":[155.722,-75.677]},"properties":{"OBJECTID":638,"LONGITUDE":155.722,"LATITUDE":-75.677,"YEAR":1796,"NORTH_SOUTH":"S"}},{"type":"Feature","id":639,"geometry":{"type":"Point","coordinates":[155.523,-75.634]},"properties":{"OBJECTID":639,"LONGITUDE":155.523,"LATITUDE":-75.634,"YEAR":1797,"NORTH_SOUTH":"S"}},{"type":"Feature","id":640,"geometry":{"type":"Point","coordinates":[155.34,-75.591]},"properties":{"OBJECTID":640,"LONGITUDE":155.34,"LATITUDE":-75.591,"YEAR":1798,"NORTH_SOUTH":"S"}},{"type":"Feature","id":641,"geometry":{"type":"Point","coordinates":[155.173,-75.549]},"properties":{"OBJECTID":641,"LONGITUDE":155.173,"LATITUDE":-75.549,"YEAR":1799,"NORTH_SOUTH":"S"}},{"type":"Feature","id":642,"geometry":{"type":"Point","coordinates":[155.02,-75.509]},"properties":{"OBJECTID":642,"LONGITUDE":155.02,"LATITUDE":-75.509,"YEAR":1800,"NORTH_SOUTH":"S"}},{"type":"Feature","id":643,"geometry":{"type":"Point","coordinates":[154.878,-75.467]},"properties":{"OBJECTID":643,"LONGITUDE":154.878,"LATITUDE":-75.467,"YEAR":1801,"NORTH_SOUTH":"S"}},{"type":"Feature","id":644,"geometry":{"type":"Point","coordinates":[154.743,-75.424]},"properties":{"OBJECTID":644,"LONGITUDE":154.743,"LATITUDE":-75.424,"YEAR":1802,"NORTH_SOUTH":"S"}},{"type":"Feature","id":645,"geometry":{"type":"Point","coordinates":[154.615,-75.381]},"properties":{"OBJECTID":645,"LONGITUDE":154.615,"LATITUDE":-75.381,"YEAR":1803,"NORTH_SOUTH":"S"}},{"type":"Feature","id":646,"geometry":{"type":"Point","coordinates":[154.494,-75.3389999999999]},"properties":{"OBJECTID":646,"LONGITUDE":154.494,"LATITUDE":-75.339,"YEAR":1804,"NORTH_SOUTH":"S"}},{"type":"Feature","id":647,"geometry":{"type":"Point","coordinates":[154.374,-75.2959999999999]},"properties":{"OBJECTID":647,"LONGITUDE":154.374,"LATITUDE":-75.296,"YEAR":1805,"NORTH_SOUTH":"S"}},{"type":"Feature","id":648,"geometry":{"type":"Point","coordinates":[154.257,-75.251]},"properties":{"OBJECTID":648,"LONGITUDE":154.257,"LATITUDE":-75.251,"YEAR":1806,"NORTH_SOUTH":"S"}},{"type":"Feature","id":649,"geometry":{"type":"Point","coordinates":[154.145,-75.208]},"properties":{"OBJECTID":649,"LONGITUDE":154.145,"LATITUDE":-75.208,"YEAR":1807,"NORTH_SOUTH":"S"}},{"type":"Feature","id":650,"geometry":{"type":"Point","coordinates":[154.037,-75.165]},"properties":{"OBJECTID":650,"LONGITUDE":154.037,"LATITUDE":-75.165,"YEAR":1808,"NORTH_SOUTH":"S"}},{"type":"Feature","id":651,"geometry":{"type":"Point","coordinates":[153.935,-75.122]},"properties":{"OBJECTID":651,"LONGITUDE":153.935,"LATITUDE":-75.122,"YEAR":1809,"NORTH_SOUTH":"S"}},{"type":"Feature","id":652,"geometry":{"type":"Point","coordinates":[153.839,-75.08]},"properties":{"OBJECTID":652,"LONGITUDE":153.839,"LATITUDE":-75.08,"YEAR":1810,"NORTH_SOUTH":"S"}},{"type":"Feature","id":653,"geometry":{"type":"Point","coordinates":[153.75,-75.038]},"properties":{"OBJECTID":653,"LONGITUDE":153.75,"LATITUDE":-75.038,"YEAR":1811,"NORTH_SOUTH":"S"}},{"type":"Feature","id":654,"geometry":{"type":"Point","coordinates":[153.668,-74.997]},"properties":{"OBJECTID":654,"LONGITUDE":153.668,"LATITUDE":-74.997,"YEAR":1812,"NORTH_SOUTH":"S"}},{"type":"Feature","id":655,"geometry":{"type":"Point","coordinates":[153.596,-74.956]},"properties":{"OBJECTID":655,"LONGITUDE":153.596,"LATITUDE":-74.956,"YEAR":1813,"NORTH_SOUTH":"S"}},{"type":"Feature","id":656,"geometry":{"type":"Point","coordinates":[153.536,-74.917]},"properties":{"OBJECTID":656,"LONGITUDE":153.536,"LATITUDE":-74.917,"YEAR":1814,"NORTH_SOUTH":"S"}},{"type":"Feature","id":657,"geometry":{"type":"Point","coordinates":[153.485,-74.879]},"properties":{"OBJECTID":657,"LONGITUDE":153.485,"LATITUDE":-74.879,"YEAR":1815,"NORTH_SOUTH":"S"}},{"type":"Feature","id":658,"geometry":{"type":"Point","coordinates":[153.446,-74.842]},"properties":{"OBJECTID":658,"LONGITUDE":153.446,"LATITUDE":-74.842,"YEAR":1816,"NORTH_SOUTH":"S"}},{"type":"Feature","id":659,"geometry":{"type":"Point","coordinates":[153.418,-74.807]},"properties":{"OBJECTID":659,"LONGITUDE":153.418,"LATITUDE":-74.807,"YEAR":1817,"NORTH_SOUTH":"S"}},{"type":"Feature","id":660,"geometry":{"type":"Point","coordinates":[153.401,-74.7739999999999]},"properties":{"OBJECTID":660,"LONGITUDE":153.401,"LATITUDE":-74.774,"YEAR":1818,"NORTH_SOUTH":"S"}},{"type":"Feature","id":661,"geometry":{"type":"Point","coordinates":[153.394,-74.742]},"properties":{"OBJECTID":661,"LONGITUDE":153.394,"LATITUDE":-74.742,"YEAR":1819,"NORTH_SOUTH":"S"}},{"type":"Feature","id":662,"geometry":{"type":"Point","coordinates":[153.389,-74.71]},"properties":{"OBJECTID":662,"LONGITUDE":153.389,"LATITUDE":-74.71,"YEAR":1820,"NORTH_SOUTH":"S"}},{"type":"Feature","id":663,"geometry":{"type":"Point","coordinates":[153.384,-74.6779999999999]},"properties":{"OBJECTID":663,"LONGITUDE":153.384,"LATITUDE":-74.678,"YEAR":1821,"NORTH_SOUTH":"S"}},{"type":"Feature","id":664,"geometry":{"type":"Point","coordinates":[153.371,-74.6439999999999]},"properties":{"OBJECTID":664,"LONGITUDE":153.371,"LATITUDE":-74.644,"YEAR":1822,"NORTH_SOUTH":"S"}},{"type":"Feature","id":665,"geometry":{"type":"Point","coordinates":[153.345,-74.6079999999999]},"properties":{"OBJECTID":665,"LONGITUDE":153.345,"LATITUDE":-74.608,"YEAR":1823,"NORTH_SOUTH":"S"}},{"type":"Feature","id":666,"geometry":{"type":"Point","coordinates":[153.305,-74.571]},"properties":{"OBJECTID":666,"LONGITUDE":153.305,"LATITUDE":-74.571,"YEAR":1824,"NORTH_SOUTH":"S"}},{"type":"Feature","id":667,"geometry":{"type":"Point","coordinates":[153.246,-74.532]},"properties":{"OBJECTID":667,"LONGITUDE":153.246,"LATITUDE":-74.532,"YEAR":1825,"NORTH_SOUTH":"S"}},{"type":"Feature","id":668,"geometry":{"type":"Point","coordinates":[153.168,-74.4949999999999]},"properties":{"OBJECTID":668,"LONGITUDE":153.168,"LATITUDE":-74.495,"YEAR":1826,"NORTH_SOUTH":"S"}},{"type":"Feature","id":669,"geometry":{"type":"Point","coordinates":[153.074,-74.46]},"properties":{"OBJECTID":669,"LONGITUDE":153.074,"LATITUDE":-74.46,"YEAR":1827,"NORTH_SOUTH":"S"}},{"type":"Feature","id":670,"geometry":{"type":"Point","coordinates":[152.966,-74.4279999999999]},"properties":{"OBJECTID":670,"LONGITUDE":152.966,"LATITUDE":-74.428,"YEAR":1828,"NORTH_SOUTH":"S"}},{"type":"Feature","id":671,"geometry":{"type":"Point","coordinates":[152.847,-74.398]},"properties":{"OBJECTID":671,"LONGITUDE":152.847,"LATITUDE":-74.398,"YEAR":1829,"NORTH_SOUTH":"S"}},{"type":"Feature","id":672,"geometry":{"type":"Point","coordinates":[152.718,-74.369]},"properties":{"OBJECTID":672,"LONGITUDE":152.718,"LATITUDE":-74.369,"YEAR":1830,"NORTH_SOUTH":"S"}},{"type":"Feature","id":673,"geometry":{"type":"Point","coordinates":[152.581,-74.337]},"properties":{"OBJECTID":673,"LONGITUDE":152.581,"LATITUDE":-74.337,"YEAR":1831,"NORTH_SOUTH":"S"}},{"type":"Feature","id":674,"geometry":{"type":"Point","coordinates":[152.441,-74.3049999999999]},"properties":{"OBJECTID":674,"LONGITUDE":152.441,"LATITUDE":-74.305,"YEAR":1832,"NORTH_SOUTH":"S"}},{"type":"Feature","id":675,"geometry":{"type":"Point","coordinates":[152.305,-74.271]},"properties":{"OBJECTID":675,"LONGITUDE":152.305,"LATITUDE":-74.271,"YEAR":1833,"NORTH_SOUTH":"S"}},{"type":"Feature","id":676,"geometry":{"type":"Point","coordinates":[152.181,-74.237]},"properties":{"OBJECTID":676,"LONGITUDE":152.181,"LATITUDE":-74.237,"YEAR":1834,"NORTH_SOUTH":"S"}},{"type":"Feature","id":677,"geometry":{"type":"Point","coordinates":[152.079,-74.203]},"properties":{"OBJECTID":677,"LONGITUDE":152.079,"LATITUDE":-74.203,"YEAR":1835,"NORTH_SOUTH":"S"}},{"type":"Feature","id":678,"geometry":{"type":"Point","coordinates":[152.002,-74.167]},"properties":{"OBJECTID":678,"LONGITUDE":152.002,"LATITUDE":-74.167,"YEAR":1836,"NORTH_SOUTH":"S"}},{"type":"Feature","id":679,"geometry":{"type":"Point","coordinates":[151.943,-74.1299999999999]},"properties":{"OBJECTID":679,"LONGITUDE":151.943,"LATITUDE":-74.13,"YEAR":1837,"NORTH_SOUTH":"S"}},{"type":"Feature","id":680,"geometry":{"type":"Point","coordinates":[151.886,-74.0889999999999]},"properties":{"OBJECTID":680,"LONGITUDE":151.886,"LATITUDE":-74.089,"YEAR":1838,"NORTH_SOUTH":"S"}},{"type":"Feature","id":681,"geometry":{"type":"Point","coordinates":[151.826,-74.045]},"properties":{"OBJECTID":681,"LONGITUDE":151.826,"LATITUDE":-74.045,"YEAR":1839,"NORTH_SOUTH":"S"}},{"type":"Feature","id":682,"geometry":{"type":"Point","coordinates":[151.768,-74.003]},"properties":{"OBJECTID":682,"LONGITUDE":151.768,"LATITUDE":-74.003,"YEAR":1840,"NORTH_SOUTH":"S"}},{"type":"Feature","id":683,"geometry":{"type":"Point","coordinates":[151.716,-73.968]},"properties":{"OBJECTID":683,"LONGITUDE":151.716,"LATITUDE":-73.968,"YEAR":1841,"NORTH_SOUTH":"S"}},{"type":"Feature","id":684,"geometry":{"type":"Point","coordinates":[151.662,-73.936]},"properties":{"OBJECTID":684,"LONGITUDE":151.662,"LATITUDE":-73.936,"YEAR":1842,"NORTH_SOUTH":"S"}},{"type":"Feature","id":685,"geometry":{"type":"Point","coordinates":[151.598,-73.9059999999999]},"properties":{"OBJECTID":685,"LONGITUDE":151.598,"LATITUDE":-73.906,"YEAR":1843,"NORTH_SOUTH":"S"}},{"type":"Feature","id":686,"geometry":{"type":"Point","coordinates":[151.516,-73.874]},"properties":{"OBJECTID":686,"LONGITUDE":151.516,"LATITUDE":-73.874,"YEAR":1844,"NORTH_SOUTH":"S"}},{"type":"Feature","id":687,"geometry":{"type":"Point","coordinates":[151.404,-73.836]},"properties":{"OBJECTID":687,"LONGITUDE":151.404,"LATITUDE":-73.836,"YEAR":1845,"NORTH_SOUTH":"S"}},{"type":"Feature","id":688,"geometry":{"type":"Point","coordinates":[151.255,-73.7909999999999]},"properties":{"OBJECTID":688,"LONGITUDE":151.255,"LATITUDE":-73.791,"YEAR":1846,"NORTH_SOUTH":"S"}},{"type":"Feature","id":689,"geometry":{"type":"Point","coordinates":[151.078,-73.739]},"properties":{"OBJECTID":689,"LONGITUDE":151.078,"LATITUDE":-73.739,"YEAR":1847,"NORTH_SOUTH":"S"}},{"type":"Feature","id":690,"geometry":{"type":"Point","coordinates":[150.885,-73.682]},"properties":{"OBJECTID":690,"LONGITUDE":150.885,"LATITUDE":-73.682,"YEAR":1848,"NORTH_SOUTH":"S"}},{"type":"Feature","id":691,"geometry":{"type":"Point","coordinates":[150.685,-73.6199999999999]},"properties":{"OBJECTID":691,"LONGITUDE":150.685,"LATITUDE":-73.62,"YEAR":1849,"NORTH_SOUTH":"S"}},{"type":"Feature","id":692,"geometry":{"type":"Point","coordinates":[150.486,-73.5549999999999]},"properties":{"OBJECTID":692,"LONGITUDE":150.486,"LATITUDE":-73.555,"YEAR":1850,"NORTH_SOUTH":"S"}},{"type":"Feature","id":693,"geometry":{"type":"Point","coordinates":[150.293,-73.485]},"properties":{"OBJECTID":693,"LONGITUDE":150.293,"LATITUDE":-73.485,"YEAR":1851,"NORTH_SOUTH":"S"}},{"type":"Feature","id":694,"geometry":{"type":"Point","coordinates":[150.109,-73.415]},"properties":{"OBJECTID":694,"LONGITUDE":150.109,"LATITUDE":-73.415,"YEAR":1852,"NORTH_SOUTH":"S"}},{"type":"Feature","id":695,"geometry":{"type":"Point","coordinates":[149.933,-73.3459999999999]},"properties":{"OBJECTID":695,"LONGITUDE":149.933,"LATITUDE":-73.346,"YEAR":1853,"NORTH_SOUTH":"S"}},{"type":"Feature","id":696,"geometry":{"type":"Point","coordinates":[149.767,-73.2809999999999]},"properties":{"OBJECTID":696,"LONGITUDE":149.767,"LATITUDE":-73.281,"YEAR":1854,"NORTH_SOUTH":"S"}},{"type":"Feature","id":697,"geometry":{"type":"Point","coordinates":[149.609,-73.218]},"properties":{"OBJECTID":697,"LONGITUDE":149.609,"LATITUDE":-73.218,"YEAR":1855,"NORTH_SOUTH":"S"}},{"type":"Feature","id":698,"geometry":{"type":"Point","coordinates":[149.453,-73.157]},"properties":{"OBJECTID":698,"LONGITUDE":149.453,"LATITUDE":-73.157,"YEAR":1856,"NORTH_SOUTH":"S"}},{"type":"Feature","id":699,"geometry":{"type":"Point","coordinates":[149.305,-73.1]},"properties":{"OBJECTID":699,"LONGITUDE":149.305,"LATITUDE":-73.1,"YEAR":1857,"NORTH_SOUTH":"S"}},{"type":"Feature","id":700,"geometry":{"type":"Point","coordinates":[149.166,-73.0459999999999]},"properties":{"OBJECTID":700,"LONGITUDE":149.166,"LATITUDE":-73.046,"YEAR":1858,"NORTH_SOUTH":"S"}},{"type":"Feature","id":701,"geometry":{"type":"Point","coordinates":[149.038,-72.996]},"properties":{"OBJECTID":701,"LONGITUDE":149.038,"LATITUDE":-72.996,"YEAR":1859,"NORTH_SOUTH":"S"}},{"type":"Feature","id":702,"geometry":{"type":"Point","coordinates":[148.922,-72.951]},"properties":{"OBJECTID":702,"LONGITUDE":148.922,"LATITUDE":-72.951,"YEAR":1860,"NORTH_SOUTH":"S"}},{"type":"Feature","id":703,"geometry":{"type":"Point","coordinates":[148.819,-72.913]},"properties":{"OBJECTID":703,"LONGITUDE":148.819,"LATITUDE":-72.913,"YEAR":1861,"NORTH_SOUTH":"S"}},{"type":"Feature","id":704,"geometry":{"type":"Point","coordinates":[148.727,-72.8799999999999]},"properties":{"OBJECTID":704,"LONGITUDE":148.727,"LATITUDE":-72.88,"YEAR":1862,"NORTH_SOUTH":"S"}},{"type":"Feature","id":705,"geometry":{"type":"Point","coordinates":[148.644,-72.848]},"properties":{"OBJECTID":705,"LONGITUDE":148.644,"LATITUDE":-72.848,"YEAR":1863,"NORTH_SOUTH":"S"}},{"type":"Feature","id":706,"geometry":{"type":"Point","coordinates":[148.569,-72.818]},"properties":{"OBJECTID":706,"LONGITUDE":148.569,"LATITUDE":-72.818,"YEAR":1864,"NORTH_SOUTH":"S"}},{"type":"Feature","id":707,"geometry":{"type":"Point","coordinates":[148.498,-72.787]},"properties":{"OBJECTID":707,"LONGITUDE":148.498,"LATITUDE":-72.787,"YEAR":1865,"NORTH_SOUTH":"S"}},{"type":"Feature","id":708,"geometry":{"type":"Point","coordinates":[148.428,-72.7549999999999]},"properties":{"OBJECTID":708,"LONGITUDE":148.428,"LATITUDE":-72.755,"YEAR":1866,"NORTH_SOUTH":"S"}},{"type":"Feature","id":709,"geometry":{"type":"Point","coordinates":[148.365,-72.722]},"properties":{"OBJECTID":709,"LONGITUDE":148.365,"LATITUDE":-72.722,"YEAR":1867,"NORTH_SOUTH":"S"}},{"type":"Feature","id":710,"geometry":{"type":"Point","coordinates":[148.315,-72.692]},"properties":{"OBJECTID":710,"LONGITUDE":148.315,"LATITUDE":-72.692,"YEAR":1868,"NORTH_SOUTH":"S"}},{"type":"Feature","id":711,"geometry":{"type":"Point","coordinates":[148.277,-72.662]},"properties":{"OBJECTID":711,"LONGITUDE":148.277,"LATITUDE":-72.662,"YEAR":1869,"NORTH_SOUTH":"S"}},{"type":"Feature","id":712,"geometry":{"type":"Point","coordinates":[148.243,-72.6349999999999]},"properties":{"OBJECTID":712,"LONGITUDE":148.243,"LATITUDE":-72.635,"YEAR":1870,"NORTH_SOUTH":"S"}},{"type":"Feature","id":713,"geometry":{"type":"Point","coordinates":[148.207,-72.607]},"properties":{"OBJECTID":713,"LONGITUDE":148.207,"LATITUDE":-72.607,"YEAR":1871,"NORTH_SOUTH":"S"}},{"type":"Feature","id":714,"geometry":{"type":"Point","coordinates":[148.177,-72.578]},"properties":{"OBJECTID":714,"LONGITUDE":148.177,"LATITUDE":-72.578,"YEAR":1872,"NORTH_SOUTH":"S"}},{"type":"Feature","id":715,"geometry":{"type":"Point","coordinates":[148.154,-72.5479999999999]},"properties":{"OBJECTID":715,"LONGITUDE":148.154,"LATITUDE":-72.548,"YEAR":1873,"NORTH_SOUTH":"S"}},{"type":"Feature","id":716,"geometry":{"type":"Point","coordinates":[148.143,-72.518]},"properties":{"OBJECTID":716,"LONGITUDE":148.143,"LATITUDE":-72.518,"YEAR":1874,"NORTH_SOUTH":"S"}},{"type":"Feature","id":717,"geometry":{"type":"Point","coordinates":[148.14,-72.487]},"properties":{"OBJECTID":717,"LONGITUDE":148.14,"LATITUDE":-72.487,"YEAR":1875,"NORTH_SOUTH":"S"}},{"type":"Feature","id":718,"geometry":{"type":"Point","coordinates":[148.144,-72.455]},"properties":{"OBJECTID":718,"LONGITUDE":148.144,"LATITUDE":-72.455,"YEAR":1876,"NORTH_SOUTH":"S"}},{"type":"Feature","id":719,"geometry":{"type":"Point","coordinates":[148.156,-72.422]},"properties":{"OBJECTID":719,"LONGITUDE":148.156,"LATITUDE":-72.422,"YEAR":1877,"NORTH_SOUTH":"S"}},{"type":"Feature","id":720,"geometry":{"type":"Point","coordinates":[148.177,-72.391]},"properties":{"OBJECTID":720,"LONGITUDE":148.177,"LATITUDE":-72.391,"YEAR":1878,"NORTH_SOUTH":"S"}},{"type":"Feature","id":721,"geometry":{"type":"Point","coordinates":[148.209,-72.359]},"properties":{"OBJECTID":721,"LONGITUDE":148.209,"LATITUDE":-72.359,"YEAR":1879,"NORTH_SOUTH":"S"}},{"type":"Feature","id":722,"geometry":{"type":"Point","coordinates":[148.254,-72.3269999999999]},"properties":{"OBJECTID":722,"LONGITUDE":148.254,"LATITUDE":-72.327,"YEAR":1880,"NORTH_SOUTH":"S"}},{"type":"Feature","id":723,"geometry":{"type":"Point","coordinates":[148.313,-72.292]},"properties":{"OBJECTID":723,"LONGITUDE":148.313,"LATITUDE":-72.292,"YEAR":1881,"NORTH_SOUTH":"S"}},{"type":"Feature","id":724,"geometry":{"type":"Point","coordinates":[148.383,-72.2569999999999]},"properties":{"OBJECTID":724,"LONGITUDE":148.383,"LATITUDE":-72.257,"YEAR":1882,"NORTH_SOUTH":"S"}},{"type":"Feature","id":725,"geometry":{"type":"Point","coordinates":[148.461,-72.2209999999999]},"properties":{"OBJECTID":725,"LONGITUDE":148.461,"LATITUDE":-72.221,"YEAR":1883,"NORTH_SOUTH":"S"}},{"type":"Feature","id":726,"geometry":{"type":"Point","coordinates":[148.548,-72.1829999999999]},"properties":{"OBJECTID":726,"LONGITUDE":148.548,"LATITUDE":-72.183,"YEAR":1884,"NORTH_SOUTH":"S"}},{"type":"Feature","id":727,"geometry":{"type":"Point","coordinates":[148.642,-72.1439999999999]},"properties":{"OBJECTID":727,"LONGITUDE":148.642,"LATITUDE":-72.144,"YEAR":1885,"NORTH_SOUTH":"S"}},{"type":"Feature","id":728,"geometry":{"type":"Point","coordinates":[148.745,-72.105]},"properties":{"OBJECTID":728,"LONGITUDE":148.745,"LATITUDE":-72.105,"YEAR":1886,"NORTH_SOUTH":"S"}},{"type":"Feature","id":729,"geometry":{"type":"Point","coordinates":[148.848,-72.066]},"properties":{"OBJECTID":729,"LONGITUDE":148.848,"LATITUDE":-72.066,"YEAR":1887,"NORTH_SOUTH":"S"}},{"type":"Feature","id":730,"geometry":{"type":"Point","coordinates":[148.946,-72.028]},"properties":{"OBJECTID":730,"LONGITUDE":148.946,"LATITUDE":-72.028,"YEAR":1888,"NORTH_SOUTH":"S"}},{"type":"Feature","id":731,"geometry":{"type":"Point","coordinates":[149.031,-71.989]},"properties":{"OBJECTID":731,"LONGITUDE":149.031,"LATITUDE":-71.989,"YEAR":1889,"NORTH_SOUTH":"S"}},{"type":"Feature","id":732,"geometry":{"type":"Point","coordinates":[149.11,-71.9519999999999]},"properties":{"OBJECTID":732,"LONGITUDE":149.11,"LATITUDE":-71.952,"YEAR":1890,"NORTH_SOUTH":"S"}},{"type":"Feature","id":733,"geometry":{"type":"Point","coordinates":[149.153,-71.9229999999999]},"properties":{"OBJECTID":733,"LONGITUDE":149.153,"LATITUDE":-71.923,"YEAR":1891,"NORTH_SOUTH":"S"}},{"type":"Feature","id":734,"geometry":{"type":"Point","coordinates":[149.124,-71.905]},"properties":{"OBJECTID":734,"LONGITUDE":149.124,"LATITUDE":-71.905,"YEAR":1892,"NORTH_SOUTH":"S"}},{"type":"Feature","id":735,"geometry":{"type":"Point","coordinates":[149.03,-71.895]},"properties":{"OBJECTID":735,"LONGITUDE":149.03,"LATITUDE":-71.895,"YEAR":1893,"NORTH_SOUTH":"S"}},{"type":"Feature","id":736,"geometry":{"type":"Point","coordinates":[148.888,-71.888]},"properties":{"OBJECTID":736,"LONGITUDE":148.888,"LATITUDE":-71.888,"YEAR":1894,"NORTH_SOUTH":"S"}},{"type":"Feature","id":737,"geometry":{"type":"Point","coordinates":[148.726,-71.879]},"properties":{"OBJECTID":737,"LONGITUDE":148.726,"LATITUDE":-71.879,"YEAR":1895,"NORTH_SOUTH":"S"}},{"type":"Feature","id":738,"geometry":{"type":"Point","coordinates":[148.569,-71.866]},"properties":{"OBJECTID":738,"LONGITUDE":148.569,"LATITUDE":-71.866,"YEAR":1896,"NORTH_SOUTH":"S"}},{"type":"Feature","id":739,"geometry":{"type":"Point","coordinates":[148.44,-71.843]},"properties":{"OBJECTID":739,"LONGITUDE":148.44,"LATITUDE":-71.843,"YEAR":1897,"NORTH_SOUTH":"S"}},{"type":"Feature","id":740,"geometry":{"type":"Point","coordinates":[148.349,-71.812]},"properties":{"OBJECTID":740,"LONGITUDE":148.349,"LATITUDE":-71.812,"YEAR":1898,"NORTH_SOUTH":"S"}},{"type":"Feature","id":741,"geometry":{"type":"Point","coordinates":[148.309,-71.77]},"properties":{"OBJECTID":741,"LONGITUDE":148.309,"LATITUDE":-71.77,"YEAR":1899,"NORTH_SOUTH":"S"}},{"type":"Feature","id":742,"geometry":{"type":"Point","coordinates":[148.324,-71.7209999999999]},"properties":{"OBJECTID":742,"LONGITUDE":148.324,"LATITUDE":-71.721,"YEAR":1900,"NORTH_SOUTH":"S"}},{"type":"Feature","id":743,"geometry":{"type":"Point","coordinates":[148.369,-71.6679999999999]},"properties":{"OBJECTID":743,"LONGITUDE":148.369,"LATITUDE":-71.668,"YEAR":1901,"NORTH_SOUTH":"S"}},{"type":"Feature","id":744,"geometry":{"type":"Point","coordinates":[148.412,-71.616]},"properties":{"OBJECTID":744,"LONGITUDE":148.412,"LATITUDE":-71.616,"YEAR":1902,"NORTH_SOUTH":"S"}},{"type":"Feature","id":745,"geometry":{"type":"Point","coordinates":[148.455,-71.563]},"properties":{"OBJECTID":745,"LONGITUDE":148.455,"LATITUDE":-71.563,"YEAR":1903,"NORTH_SOUTH":"S"}},{"type":"Feature","id":746,"geometry":{"type":"Point","coordinates":[148.499,-71.5099999999999]},"properties":{"OBJECTID":746,"LONGITUDE":148.499,"LATITUDE":-71.51,"YEAR":1904,"NORTH_SOUTH":"S"}},{"type":"Feature","id":747,"geometry":{"type":"Point","coordinates":[148.542,-71.458]},"properties":{"OBJECTID":747,"LONGITUDE":148.542,"LATITUDE":-71.458,"YEAR":1905,"NORTH_SOUTH":"S"}},{"type":"Feature","id":748,"geometry":{"type":"Point","coordinates":[148.562,-71.3969999999999]},"properties":{"OBJECTID":748,"LONGITUDE":148.562,"LATITUDE":-71.397,"YEAR":1906,"NORTH_SOUTH":"S"}},{"type":"Feature","id":749,"geometry":{"type":"Point","coordinates":[148.582,-71.336]},"properties":{"OBJECTID":749,"LONGITUDE":148.582,"LATITUDE":-71.336,"YEAR":1907,"NORTH_SOUTH":"S"}},{"type":"Feature","id":750,"geometry":{"type":"Point","coordinates":[148.602,-71.2739999999999]},"properties":{"OBJECTID":750,"LONGITUDE":148.602,"LATITUDE":-71.274,"YEAR":1908,"NORTH_SOUTH":"S"}},{"type":"Feature","id":751,"geometry":{"type":"Point","coordinates":[148.622,-71.213]},"properties":{"OBJECTID":751,"LONGITUDE":148.622,"LATITUDE":-71.213,"YEAR":1909,"NORTH_SOUTH":"S"}},{"type":"Feature","id":752,"geometry":{"type":"Point","coordinates":[148.641,-71.151]},"properties":{"OBJECTID":752,"LONGITUDE":148.641,"LATITUDE":-71.151,"YEAR":1910,"NORTH_SOUTH":"S"}},{"type":"Feature","id":753,"geometry":{"type":"Point","coordinates":[148.62,-71.0819999999999]},"properties":{"OBJECTID":753,"LONGITUDE":148.62,"LATITUDE":-71.082,"YEAR":1911,"NORTH_SOUTH":"S"}},{"type":"Feature","id":754,"geometry":{"type":"Point","coordinates":[148.599,-71.0119999999999]},"properties":{"OBJECTID":754,"LONGITUDE":148.599,"LATITUDE":-71.012,"YEAR":1912,"NORTH_SOUTH":"S"}},{"type":"Feature","id":755,"geometry":{"type":"Point","coordinates":[148.578,-70.942]},"properties":{"OBJECTID":755,"LONGITUDE":148.578,"LATITUDE":-70.942,"YEAR":1913,"NORTH_SOUTH":"S"}},{"type":"Feature","id":756,"geometry":{"type":"Point","coordinates":[148.558,-70.871]},"properties":{"OBJECTID":756,"LONGITUDE":148.558,"LATITUDE":-70.871,"YEAR":1914,"NORTH_SOUTH":"S"}},{"type":"Feature","id":757,"geometry":{"type":"Point","coordinates":[148.537,-70.801]},"properties":{"OBJECTID":757,"LONGITUDE":148.537,"LATITUDE":-70.801,"YEAR":1915,"NORTH_SOUTH":"S"}},{"type":"Feature","id":758,"geometry":{"type":"Point","coordinates":[148.469,-70.7239999999999]},"properties":{"OBJECTID":758,"LONGITUDE":148.469,"LATITUDE":-70.724,"YEAR":1916,"NORTH_SOUTH":"S"}},{"type":"Feature","id":759,"geometry":{"type":"Point","coordinates":[148.401,-70.646]},"properties":{"OBJECTID":759,"LONGITUDE":148.401,"LATITUDE":-70.646,"YEAR":1917,"NORTH_SOUTH":"S"}},{"type":"Feature","id":760,"geometry":{"type":"Point","coordinates":[148.334,-70.568]},"properties":{"OBJECTID":760,"LONGITUDE":148.334,"LATITUDE":-70.568,"YEAR":1918,"NORTH_SOUTH":"S"}},{"type":"Feature","id":761,"geometry":{"type":"Point","coordinates":[148.268,-70.491]},"properties":{"OBJECTID":761,"LONGITUDE":148.268,"LATITUDE":-70.491,"YEAR":1919,"NORTH_SOUTH":"S"}},{"type":"Feature","id":762,"geometry":{"type":"Point","coordinates":[148.202,-70.413]},"properties":{"OBJECTID":762,"LONGITUDE":148.202,"LATITUDE":-70.413,"YEAR":1920,"NORTH_SOUTH":"S"}},{"type":"Feature","id":763,"geometry":{"type":"Point","coordinates":[148.084,-70.328]},"properties":{"OBJECTID":763,"LONGITUDE":148.084,"LATITUDE":-70.328,"YEAR":1921,"NORTH_SOUTH":"S"}},{"type":"Feature","id":764,"geometry":{"type":"Point","coordinates":[147.967,-70.242]},"properties":{"OBJECTID":764,"LONGITUDE":147.967,"LATITUDE":-70.242,"YEAR":1922,"NORTH_SOUTH":"S"}},{"type":"Feature","id":765,"geometry":{"type":"Point","coordinates":[147.852,-70.157]},"properties":{"OBJECTID":765,"LONGITUDE":147.852,"LATITUDE":-70.157,"YEAR":1923,"NORTH_SOUTH":"S"}},{"type":"Feature","id":766,"geometry":{"type":"Point","coordinates":[147.737,-70.071]},"properties":{"OBJECTID":766,"LONGITUDE":147.737,"LATITUDE":-70.071,"YEAR":1924,"NORTH_SOUTH":"S"}},{"type":"Feature","id":767,"geometry":{"type":"Point","coordinates":[147.624,-69.987]},"properties":{"OBJECTID":767,"LONGITUDE":147.624,"LATITUDE":-69.987,"YEAR":1925,"NORTH_SOUTH":"S"}},{"type":"Feature","id":768,"geometry":{"type":"Point","coordinates":[147.453,-69.8919999999999]},"properties":{"OBJECTID":768,"LONGITUDE":147.453,"LATITUDE":-69.892,"YEAR":1926,"NORTH_SOUTH":"S"}},{"type":"Feature","id":769,"geometry":{"type":"Point","coordinates":[147.284,-69.797]},"properties":{"OBJECTID":769,"LONGITUDE":147.284,"LATITUDE":-69.797,"YEAR":1927,"NORTH_SOUTH":"S"}},{"type":"Feature","id":770,"geometry":{"type":"Point","coordinates":[147.117,-69.704]},"properties":{"OBJECTID":770,"LONGITUDE":147.117,"LATITUDE":-69.704,"YEAR":1928,"NORTH_SOUTH":"S"}},{"type":"Feature","id":771,"geometry":{"type":"Point","coordinates":[146.951,-69.61]},"properties":{"OBJECTID":771,"LONGITUDE":146.951,"LATITUDE":-69.61,"YEAR":1929,"NORTH_SOUTH":"S"}},{"type":"Feature","id":772,"geometry":{"type":"Point","coordinates":[146.788,-69.516]},"properties":{"OBJECTID":772,"LONGITUDE":146.788,"LATITUDE":-69.516,"YEAR":1930,"NORTH_SOUTH":"S"}},{"type":"Feature","id":773,"geometry":{"type":"Point","coordinates":[146.579,-69.424]},"properties":{"OBJECTID":773,"LONGITUDE":146.579,"LATITUDE":-69.424,"YEAR":1931,"NORTH_SOUTH":"S"}},{"type":"Feature","id":774,"geometry":{"type":"Point","coordinates":[146.371,-69.331]},"properties":{"OBJECTID":774,"LONGITUDE":146.371,"LATITUDE":-69.331,"YEAR":1932,"NORTH_SOUTH":"S"}},{"type":"Feature","id":775,"geometry":{"type":"Point","coordinates":[146.166,-69.239]},"properties":{"OBJECTID":775,"LONGITUDE":146.166,"LATITUDE":-69.239,"YEAR":1933,"NORTH_SOUTH":"S"}},{"type":"Feature","id":776,"geometry":{"type":"Point","coordinates":[145.963,-69.146]},"properties":{"OBJECTID":776,"LONGITUDE":145.963,"LATITUDE":-69.146,"YEAR":1934,"NORTH_SOUTH":"S"}},{"type":"Feature","id":777,"geometry":{"type":"Point","coordinates":[145.762,-69.054]},"properties":{"OBJECTID":777,"LONGITUDE":145.762,"LATITUDE":-69.054,"YEAR":1935,"NORTH_SOUTH":"S"}},{"type":"Feature","id":778,"geometry":{"type":"Point","coordinates":[145.523,-68.9569999999999]},"properties":{"OBJECTID":778,"LONGITUDE":145.523,"LATITUDE":-68.957,"YEAR":1936,"NORTH_SOUTH":"S"}},{"type":"Feature","id":779,"geometry":{"type":"Point","coordinates":[145.287,-68.859]},"properties":{"OBJECTID":779,"LONGITUDE":145.287,"LATITUDE":-68.859,"YEAR":1937,"NORTH_SOUTH":"S"}},{"type":"Feature","id":780,"geometry":{"type":"Point","coordinates":[145.053,-68.761]},"properties":{"OBJECTID":780,"LONGITUDE":145.053,"LATITUDE":-68.761,"YEAR":1938,"NORTH_SOUTH":"S"}},{"type":"Feature","id":781,"geometry":{"type":"Point","coordinates":[144.82,-68.663]},"properties":{"OBJECTID":781,"LONGITUDE":144.82,"LATITUDE":-68.663,"YEAR":1939,"NORTH_SOUTH":"S"}},{"type":"Feature","id":782,"geometry":{"type":"Point","coordinates":[144.59,-68.566]},"properties":{"OBJECTID":782,"LONGITUDE":144.59,"LATITUDE":-68.566,"YEAR":1940,"NORTH_SOUTH":"S"}},{"type":"Feature","id":783,"geometry":{"type":"Point","coordinates":[144.556,-68.48]},"properties":{"OBJECTID":783,"LONGITUDE":144.556,"LATITUDE":-68.48,"YEAR":1941,"NORTH_SOUTH":"S"}},{"type":"Feature","id":784,"geometry":{"type":"Point","coordinates":[144.524,-68.396]},"properties":{"OBJECTID":784,"LONGITUDE":144.524,"LATITUDE":-68.396,"YEAR":1942,"NORTH_SOUTH":"S"}},{"type":"Feature","id":785,"geometry":{"type":"Point","coordinates":[144.495,-68.314]},"properties":{"OBJECTID":785,"LONGITUDE":144.495,"LATITUDE":-68.314,"YEAR":1943,"NORTH_SOUTH":"S"}},{"type":"Feature","id":786,"geometry":{"type":"Point","coordinates":[144.467,-68.232]},"properties":{"OBJECTID":786,"LONGITUDE":144.467,"LATITUDE":-68.232,"YEAR":1944,"NORTH_SOUTH":"S"}},{"type":"Feature","id":787,"geometry":{"type":"Point","coordinates":[144.44,-68.15]},"properties":{"OBJECTID":787,"LONGITUDE":144.44,"LATITUDE":-68.15,"YEAR":1945,"NORTH_SOUTH":"S"}},{"type":"Feature","id":788,"geometry":{"type":"Point","coordinates":[144.264,-68.098]},"properties":{"OBJECTID":788,"LONGITUDE":144.264,"LATITUDE":-68.098,"YEAR":1946,"NORTH_SOUTH":"S"}},{"type":"Feature","id":789,"geometry":{"type":"Point","coordinates":[144.087,-68.045]},"properties":{"OBJECTID":789,"LONGITUDE":144.087,"LATITUDE":-68.045,"YEAR":1947,"NORTH_SOUTH":"S"}},{"type":"Feature","id":790,"geometry":{"type":"Point","coordinates":[143.908,-67.9929999999999]},"properties":{"OBJECTID":790,"LONGITUDE":143.908,"LATITUDE":-67.993,"YEAR":1948,"NORTH_SOUTH":"S"}},{"type":"Feature","id":791,"geometry":{"type":"Point","coordinates":[143.728,-67.941]},"properties":{"OBJECTID":791,"LONGITUDE":143.728,"LATITUDE":-67.941,"YEAR":1949,"NORTH_SOUTH":"S"}},{"type":"Feature","id":792,"geometry":{"type":"Point","coordinates":[143.546,-67.888]},"properties":{"OBJECTID":792,"LONGITUDE":143.546,"LATITUDE":-67.888,"YEAR":1950,"NORTH_SOUTH":"S"}},{"type":"Feature","id":793,"geometry":{"type":"Point","coordinates":[143.135,-67.752]},"properties":{"OBJECTID":793,"LONGITUDE":143.135,"LATITUDE":-67.752,"YEAR":1951,"NORTH_SOUTH":"S"}},{"type":"Feature","id":794,"geometry":{"type":"Point","coordinates":[142.724,-67.6129999999999]},"properties":{"OBJECTID":794,"LONGITUDE":142.724,"LATITUDE":-67.613,"YEAR":1952,"NORTH_SOUTH":"S"}},{"type":"Feature","id":795,"geometry":{"type":"Point","coordinates":[142.316,-67.475]},"properties":{"OBJECTID":795,"LONGITUDE":142.316,"LATITUDE":-67.475,"YEAR":1953,"NORTH_SOUTH":"S"}},{"type":"Feature","id":796,"geometry":{"type":"Point","coordinates":[141.909,-67.335]},"properties":{"OBJECTID":796,"LONGITUDE":141.909,"LATITUDE":-67.335,"YEAR":1954,"NORTH_SOUTH":"S"}},{"type":"Feature","id":797,"geometry":{"type":"Point","coordinates":[141.504,-67.194]},"properties":{"OBJECTID":797,"LONGITUDE":141.504,"LATITUDE":-67.194,"YEAR":1955,"NORTH_SOUTH":"S"}},{"type":"Feature","id":798,"geometry":{"type":"Point","coordinates":[141.256,-67.0989999999999]},"properties":{"OBJECTID":798,"LONGITUDE":141.256,"LATITUDE":-67.099,"YEAR":1956,"NORTH_SOUTH":"S"}},{"type":"Feature","id":799,"geometry":{"type":"Point","coordinates":[141.004,-67.001]},"properties":{"OBJECTID":799,"LONGITUDE":141.004,"LATITUDE":-67.001,"YEAR":1957,"NORTH_SOUTH":"S"}},{"type":"Feature","id":800,"geometry":{"type":"Point","coordinates":[140.749,-66.902]},"properties":{"OBJECTID":800,"LONGITUDE":140.749,"LATITUDE":-66.902,"YEAR":1958,"NORTH_SOUTH":"S"}},{"type":"Feature","id":801,"geometry":{"type":"Point","coordinates":[140.49,-66.802]},"properties":{"OBJECTID":801,"LONGITUDE":140.49,"LATITUDE":-66.802,"YEAR":1959,"NORTH_SOUTH":"S"}},{"type":"Feature","id":802,"geometry":{"type":"Point","coordinates":[140.228,-66.7]},"properties":{"OBJECTID":802,"LONGITUDE":140.228,"LATITUDE":-66.7,"YEAR":1960,"NORTH_SOUTH":"S"}},{"type":"Feature","id":803,"geometry":{"type":"Point","coordinates":[140.087,-66.626]},"properties":{"OBJECTID":803,"LONGITUDE":140.087,"LATITUDE":-66.626,"YEAR":1961,"NORTH_SOUTH":"S"}},{"type":"Feature","id":804,"geometry":{"type":"Point","coordinates":[139.946,-66.551]},"properties":{"OBJECTID":804,"LONGITUDE":139.946,"LATITUDE":-66.551,"YEAR":1962,"NORTH_SOUTH":"S"}},{"type":"Feature","id":805,"geometry":{"type":"Point","coordinates":[139.807,-66.478]},"properties":{"OBJECTID":805,"LONGITUDE":139.807,"LATITUDE":-66.478,"YEAR":1963,"NORTH_SOUTH":"S"}},{"type":"Feature","id":806,"geometry":{"type":"Point","coordinates":[139.668,-66.4039999999999]},"properties":{"OBJECTID":806,"LONGITUDE":139.668,"LATITUDE":-66.404,"YEAR":1964,"NORTH_SOUTH":"S"}},{"type":"Feature","id":807,"geometry":{"type":"Point","coordinates":[139.53,-66.331]},"properties":{"OBJECTID":807,"LONGITUDE":139.53,"LATITUDE":-66.331,"YEAR":1965,"NORTH_SOUTH":"S"}},{"type":"Feature","id":808,"geometry":{"type":"Point","coordinates":[139.504,-66.27]},"properties":{"OBJECTID":808,"LONGITUDE":139.504,"LATITUDE":-66.27,"YEAR":1966,"NORTH_SOUTH":"S"}},{"type":"Feature","id":809,"geometry":{"type":"Point","coordinates":[139.478,-66.208]},"properties":{"OBJECTID":809,"LONGITUDE":139.478,"LATITUDE":-66.208,"YEAR":1967,"NORTH_SOUTH":"S"}},{"type":"Feature","id":810,"geometry":{"type":"Point","coordinates":[139.451,-66.146]},"properties":{"OBJECTID":810,"LONGITUDE":139.451,"LATITUDE":-66.146,"YEAR":1968,"NORTH_SOUTH":"S"}},{"type":"Feature","id":811,"geometry":{"type":"Point","coordinates":[139.426,-66.085]},"properties":{"OBJECTID":811,"LONGITUDE":139.426,"LATITUDE":-66.085,"YEAR":1969,"NORTH_SOUTH":"S"}},{"type":"Feature","id":812,"geometry":{"type":"Point","coordinates":[139.4,-66.023]},"properties":{"OBJECTID":812,"LONGITUDE":139.4,"LATITUDE":-66.023,"YEAR":1970,"NORTH_SOUTH":"S"}},{"type":"Feature","id":813,"geometry":{"type":"Point","coordinates":[139.425,-65.967]},"properties":{"OBJECTID":813,"LONGITUDE":139.425,"LATITUDE":-65.967,"YEAR":1971,"NORTH_SOUTH":"S"}},{"type":"Feature","id":814,"geometry":{"type":"Point","coordinates":[139.45,-65.91]},"properties":{"OBJECTID":814,"LONGITUDE":139.45,"LATITUDE":-65.91,"YEAR":1972,"NORTH_SOUTH":"S"}},{"type":"Feature","id":815,"geometry":{"type":"Point","coordinates":[139.474,-65.853]},"properties":{"OBJECTID":815,"LONGITUDE":139.474,"LATITUDE":-65.853,"YEAR":1973,"NORTH_SOUTH":"S"}},{"type":"Feature","id":816,"geometry":{"type":"Point","coordinates":[139.498,-65.795]},"properties":{"OBJECTID":816,"LONGITUDE":139.498,"LATITUDE":-65.795,"YEAR":1974,"NORTH_SOUTH":"S"}},{"type":"Feature","id":817,"geometry":{"type":"Point","coordinates":[139.522,-65.7379999999999]},"properties":{"OBJECTID":817,"LONGITUDE":139.522,"LATITUDE":-65.738,"YEAR":1975,"NORTH_SOUTH":"S"}},{"type":"Feature","id":818,"geometry":{"type":"Point","coordinates":[139.488,-65.676]},"properties":{"OBJECTID":818,"LONGITUDE":139.488,"LATITUDE":-65.676,"YEAR":1976,"NORTH_SOUTH":"S"}},{"type":"Feature","id":819,"geometry":{"type":"Point","coordinates":[139.453,-65.6129999999999]},"properties":{"OBJECTID":819,"LONGITUDE":139.453,"LATITUDE":-65.613,"YEAR":1977,"NORTH_SOUTH":"S"}},{"type":"Feature","id":820,"geometry":{"type":"Point","coordinates":[139.418,-65.549]},"properties":{"OBJECTID":820,"LONGITUDE":139.418,"LATITUDE":-65.549,"YEAR":1978,"NORTH_SOUTH":"S"}},{"type":"Feature","id":821,"geometry":{"type":"Point","coordinates":[139.384,-65.4859999999999]},"properties":{"OBJECTID":821,"LONGITUDE":139.384,"LATITUDE":-65.486,"YEAR":1979,"NORTH_SOUTH":"S"}},{"type":"Feature","id":822,"geometry":{"type":"Point","coordinates":[139.349,-65.4229999999999]},"properties":{"OBJECTID":822,"LONGITUDE":139.349,"LATITUDE":-65.423,"YEAR":1980,"NORTH_SOUTH":"S"}},{"type":"Feature","id":823,"geometry":{"type":"Point","coordinates":[139.314,-65.3629999999999]},"properties":{"OBJECTID":823,"LONGITUDE":139.314,"LATITUDE":-65.363,"YEAR":1981,"NORTH_SOUTH":"S"}},{"type":"Feature","id":824,"geometry":{"type":"Point","coordinates":[139.28,-65.304]},"properties":{"OBJECTID":824,"LONGITUDE":139.28,"LATITUDE":-65.304,"YEAR":1982,"NORTH_SOUTH":"S"}},{"type":"Feature","id":825,"geometry":{"type":"Point","coordinates":[139.246,-65.244]},"properties":{"OBJECTID":825,"LONGITUDE":139.246,"LATITUDE":-65.244,"YEAR":1983,"NORTH_SOUTH":"S"}},{"type":"Feature","id":826,"geometry":{"type":"Point","coordinates":[139.212,-65.184]},"properties":{"OBJECTID":826,"LONGITUDE":139.212,"LATITUDE":-65.184,"YEAR":1984,"NORTH_SOUTH":"S"}},{"type":"Feature","id":827,"geometry":{"type":"Point","coordinates":[139.178,-65.1249999999999]},"properties":{"OBJECTID":827,"LONGITUDE":139.178,"LATITUDE":-65.125,"YEAR":1985,"NORTH_SOUTH":"S"}},{"type":"Feature","id":828,"geometry":{"type":"Point","coordinates":[139.122,-65.081]},"properties":{"OBJECTID":828,"LONGITUDE":139.122,"LATITUDE":-65.081,"YEAR":1986,"NORTH_SOUTH":"S"}},{"type":"Feature","id":829,"geometry":{"type":"Point","coordinates":[139.067,-65.038]},"properties":{"OBJECTID":829,"LONGITUDE":139.067,"LATITUDE":-65.038,"YEAR":1987,"NORTH_SOUTH":"S"}},{"type":"Feature","id":830,"geometry":{"type":"Point","coordinates":[139.011,-64.9949999999999]},"properties":{"OBJECTID":830,"LONGITUDE":139.011,"LATITUDE":-64.995,"YEAR":1988,"NORTH_SOUTH":"S"}},{"type":"Feature","id":831,"geometry":{"type":"Point","coordinates":[138.956,-64.9519999999999]},"properties":{"OBJECTID":831,"LONGITUDE":138.956,"LATITUDE":-64.952,"YEAR":1989,"NORTH_SOUTH":"S"}},{"type":"Feature","id":832,"geometry":{"type":"Point","coordinates":[138.902,-64.91]},"properties":{"OBJECTID":832,"LONGITUDE":138.902,"LATITUDE":-64.91,"YEAR":1990,"NORTH_SOUTH":"S"}},{"type":"Feature","id":833,"geometry":{"type":"Point","coordinates":[138.867,-64.8849999999999]},"properties":{"OBJECTID":833,"LONGITUDE":138.867,"LATITUDE":-64.885,"YEAR":1991,"NORTH_SOUTH":"S"}},{"type":"Feature","id":834,"geometry":{"type":"Point","coordinates":[138.832,-64.86]},"properties":{"OBJECTID":834,"LONGITUDE":138.832,"LATITUDE":-64.86,"YEAR":1992,"NORTH_SOUTH":"S"}},{"type":"Feature","id":835,"geometry":{"type":"Point","coordinates":[138.798,-64.836]},"properties":{"OBJECTID":835,"LONGITUDE":138.798,"LATITUDE":-64.836,"YEAR":1993,"NORTH_SOUTH":"S"}},{"type":"Feature","id":836,"geometry":{"type":"Point","coordinates":[138.764,-64.812]},"properties":{"OBJECTID":836,"LONGITUDE":138.764,"LATITUDE":-64.812,"YEAR":1994,"NORTH_SOUTH":"S"}},{"type":"Feature","id":837,"geometry":{"type":"Point","coordinates":[138.73,-64.788]},"properties":{"OBJECTID":837,"LONGITUDE":138.73,"LATITUDE":-64.788,"YEAR":1995,"NORTH_SOUTH":"S"}},{"type":"Feature","id":838,"geometry":{"type":"Point","coordinates":[138.644,-64.7619999999999]},"properties":{"OBJECTID":838,"LONGITUDE":138.644,"LATITUDE":-64.762,"YEAR":1996,"NORTH_SOUTH":"S"}},{"type":"Feature","id":839,"geometry":{"type":"Point","coordinates":[138.558,-64.737]},"properties":{"OBJECTID":839,"LONGITUDE":138.558,"LATITUDE":-64.737,"YEAR":1997,"NORTH_SOUTH":"S"}},{"type":"Feature","id":840,"geometry":{"type":"Point","coordinates":[138.473,-64.711]},"properties":{"OBJECTID":840,"LONGITUDE":138.473,"LATITUDE":-64.711,"YEAR":1998,"NORTH_SOUTH":"S"}},{"type":"Feature","id":841,"geometry":{"type":"Point","coordinates":[138.388,-64.687]},"properties":{"OBJECTID":841,"LONGITUDE":138.388,"LATITUDE":-64.687,"YEAR":1999,"NORTH_SOUTH":"S"}},{"type":"Feature","id":842,"geometry":{"type":"Point","coordinates":[138.303,-64.6609999999999]},"properties":{"OBJECTID":842,"LONGITUDE":138.303,"LATITUDE":-64.661,"YEAR":2000,"NORTH_SOUTH":"S"}},{"type":"Feature","id":843,"geometry":{"type":"Point","coordinates":[138.211,-64.638]},"properties":{"OBJECTID":843,"LONGITUDE":138.211,"LATITUDE":-64.638,"YEAR":2001,"NORTH_SOUTH":"S"}},{"type":"Feature","id":844,"geometry":{"type":"Point","coordinates":[138.12,-64.615]},"properties":{"OBJECTID":844,"LONGITUDE":138.12,"LATITUDE":-64.615,"YEAR":2002,"NORTH_SOUTH":"S"}},{"type":"Feature","id":845,"geometry":{"type":"Point","coordinates":[138.029,-64.591]},"properties":{"OBJECTID":845,"LONGITUDE":138.029,"LATITUDE":-64.591,"YEAR":2003,"NORTH_SOUTH":"S"}},{"type":"Feature","id":846,"geometry":{"type":"Point","coordinates":[137.938,-64.568]},"properties":{"OBJECTID":846,"LONGITUDE":137.938,"LATITUDE":-64.568,"YEAR":2004,"NORTH_SOUTH":"S"}},{"type":"Feature","id":847,"geometry":{"type":"Point","coordinates":[137.848,-64.545]},"properties":{"OBJECTID":847,"LONGITUDE":137.848,"LATITUDE":-64.545,"YEAR":2005,"NORTH_SOUTH":"S"}},{"type":"Feature","id":848,"geometry":{"type":"Point","coordinates":[137.742,-64.523]},"properties":{"OBJECTID":848,"LONGITUDE":137.742,"LATITUDE":-64.523,"YEAR":2006,"NORTH_SOUTH":"S"}},{"type":"Feature","id":849,"geometry":{"type":"Point","coordinates":[137.637,-64.4999999999999]},"properties":{"OBJECTID":849,"LONGITUDE":137.637,"LATITUDE":-64.5,"YEAR":2007,"NORTH_SOUTH":"S"}},{"type":"Feature","id":850,"geometry":{"type":"Point","coordinates":[137.532,-64.477]},"properties":{"OBJECTID":850,"LONGITUDE":137.532,"LATITUDE":-64.477,"YEAR":2008,"NORTH_SOUTH":"S"}},{"type":"Feature","id":851,"geometry":{"type":"Point","coordinates":[137.428,-64.454]},"properties":{"OBJECTID":851,"LONGITUDE":137.428,"LATITUDE":-64.454,"YEAR":2009,"NORTH_SOUTH":"S"}},{"type":"Feature","id":852,"geometry":{"type":"Point","coordinates":[137.325,-64.432]},"properties":{"OBJECTID":852,"LONGITUDE":137.325,"LATITUDE":-64.432,"YEAR":2010,"NORTH_SOUTH":"S"}},{"type":"Feature","id":853,"geometry":{"type":"Point","coordinates":[137.176,-64.401]},"properties":{"OBJECTID":853,"LONGITUDE":137.176,"LATITUDE":-64.401,"YEAR":2011,"NORTH_SOUTH":"S"}},{"type":"Feature","id":854,"geometry":{"type":"Point","coordinates":[137.028,-64.3699999999999]},"properties":{"OBJECTID":854,"LONGITUDE":137.028,"LATITUDE":-64.37,"YEAR":2012,"NORTH_SOUTH":"S"}},{"type":"Feature","id":855,"geometry":{"type":"Point","coordinates":[136.881,-64.34]},"properties":{"OBJECTID":855,"LONGITUDE":136.881,"LATITUDE":-64.34,"YEAR":2013,"NORTH_SOUTH":"S"}},{"type":"Feature","id":856,"geometry":{"type":"Point","coordinates":[136.734,-64.309]},"properties":{"OBJECTID":856,"LONGITUDE":136.734,"LATITUDE":-64.309,"YEAR":2014,"NORTH_SOUTH":"S"}},{"type":"Feature","id":863,"geometry":{"type":"Point","coordinates":[-160.340633,86.305305]},"properties":{"OBJECTID":863,"LONGITUDE":-160.340633,"LATITUDE":86.305305,"YEAR":2015,"NORTH_SOUTH":"N"}},{"type":"Feature","id":864,"geometry":{"type":"Point","coordinates":[-167.79388,86.466885]},"properties":{"OBJECTID":864,"LONGITUDE":-167.79388,"LATITUDE":86.466885,"YEAR":2016,"NORTH_SOUTH":"N"}},{"type":"Feature","id":865,"geometry":{"type":"Point","coordinates":[-175.477958,86.56199]},"properties":{"OBJECTID":865,"LONGITUDE":-175.477958,"LATITUDE":86.56199,"YEAR":2017,"NORTH_SOUTH":"N"}},{"type":"Feature","id":866,"geometry":{"type":"Point","coordinates":[176.900612,86.5934960000001]},"properties":{"OBJECTID":866,"LONGITUDE":176.900612,"LATITUDE":86.593496,"YEAR":2018,"NORTH_SOUTH":"N"}},{"type":"Feature","id":867,"geometry":{"type":"Point","coordinates":[169.615024,86.5679000000001]},"properties":{"OBJECTID":867,"LONGITUDE":169.615024,"LATITUDE":86.5679,"YEAR":2019,"NORTH_SOUTH":"N"}},{"type":"Feature","id":868,"geometry":{"type":"Point","coordinates":[162.867302,86.4940560000001]},"properties":{"OBJECTID":868,"LONGITUDE":162.867302,"LATITUDE":86.494056,"YEAR":2020,"NORTH_SOUTH":"N"}},{"type":"Feature","id":869,"geometry":{"type":"Point","coordinates":[156.785898,86.4003050000001]},"properties":{"OBJECTID":869,"LONGITUDE":156.785898,"LATITUDE":86.400305,"YEAR":2021,"NORTH_SOUTH":"N"}},{"type":"Feature","id":870,"geometry":{"type":"Point","coordinates":[151.272205,86.275337]},"properties":{"OBJECTID":870,"LONGITUDE":151.272205,"LATITUDE":86.275337,"YEAR":2022,"NORTH_SOUTH":"N"}},{"type":"Feature","id":871,"geometry":{"type":"Point","coordinates":[146.334404,86.126042]},"properties":{"OBJECTID":871,"LONGITUDE":146.334404,"LATITUDE":86.126042,"YEAR":2023,"NORTH_SOUTH":"N"}},{"type":"Feature","id":872,"geometry":{"type":"Point","coordinates":[141.94495,85.9584390000001]},"properties":{"OBJECTID":872,"LONGITUDE":141.94495,"LATITUDE":85.958439,"YEAR":2024,"NORTH_SOUTH":"N"}},{"type":"Feature","id":874,"geometry":{"type":"Point","coordinates":[136.596705,-64.279102]},"properties":{"OBJECTID":874,"LONGITUDE":136.596705,"LATITUDE":-64.279102,"YEAR":2015,"NORTH_SOUTH":"S"}},{"type":"Feature","id":875,"geometry":{"type":"Point","coordinates":[136.449381,-64.239179]},"properties":{"OBJECTID":875,"LONGITUDE":136.449381,"LATITUDE":-64.239179,"YEAR":2016,"NORTH_SOUTH":"S"}},{"type":"Feature","id":876,"geometry":{"type":"Point","coordinates":[136.302621,-64.199379]},"properties":{"OBJECTID":876,"LONGITUDE":136.302621,"LATITUDE":-64.199379,"YEAR":2017,"NORTH_SOUTH":"S"}},{"type":"Feature","id":877,"geometry":{"type":"Point","coordinates":[136.156421,-64.159702]},"properties":{"OBJECTID":877,"LONGITUDE":136.156421,"LATITUDE":-64.159702,"YEAR":2018,"NORTH_SOUTH":"S"}},{"type":"Feature","id":878,"geometry":{"type":"Point","coordinates":[136.010778,-64.120149]},"properties":{"OBJECTID":878,"LONGITUDE":136.010778,"LATITUDE":-64.120149,"YEAR":2019,"NORTH_SOUTH":"S"}},{"type":"Feature","id":879,"geometry":{"type":"Point","coordinates":[135.865686,-64.080719]},"properties":{"OBJECTID":879,"LONGITUDE":135.865686,"LATITUDE":-64.080719,"YEAR":2020,"NORTH_SOUTH":"S"}},{"type":"Feature","id":880,"geometry":{"type":"Point","coordinates":[135.703235,-64.03451]},"properties":{"OBJECTID":880,"LONGITUDE":135.703235,"LATITUDE":-64.03451,"YEAR":2021,"NORTH_SOUTH":"S"}},{"type":"Feature","id":881,"geometry":{"type":"Point","coordinates":[135.54156,-63.9884069999999]},"properties":{"OBJECTID":881,"LONGITUDE":135.54156,"LATITUDE":-63.988407,"YEAR":2022,"NORTH_SOUTH":"S"}},{"type":"Feature","id":882,"geometry":{"type":"Point","coordinates":[135.380661,-63.9424119999999]},"properties":{"OBJECTID":882,"LONGITUDE":135.380661,"LATITUDE":-63.942412,"YEAR":2023,"NORTH_SOUTH":"S"}},{"type":"Feature","id":883,"geometry":{"type":"Point","coordinates":[135.220535,-63.8965269999999]},"properties":{"OBJECTID":883,"LONGITUDE":135.220535,"LATITUDE":-63.896527,"YEAR":2024,"NORTH_SOUTH":"S"}},{"type":"Feature","id":897,"geometry":{"type":"Point","coordinates":[139.298,85.7620000000001]},"properties":{"OBJECTID":897,"LONGITUDE":139.298,"LATITUDE":85.762,"YEAR":2025,"NORTH_SOUTH":"N"}},{"type":"Feature","id":898,"geometry":{"type":"Point","coordinates":[135.938,85.558]},"properties":{"OBJECTID":898,"LONGITUDE":135.938,"LATITUDE":85.558,"YEAR":2026,"NORTH_SOUTH":"N"}},{"type":"Feature","id":899,"geometry":{"type":"Point","coordinates":[132.995,85.3500000000001]},"properties":{"OBJECTID":899,"LONGITUDE":132.995,"LATITUDE":85.35,"YEAR":2027,"NORTH_SOUTH":"N"}},{"type":"Feature","id":900,"geometry":{"type":"Point","coordinates":[130.407,85.1410000000001]},"properties":{"OBJECTID":900,"LONGITUDE":130.407,"LATITUDE":85.141,"YEAR":2028,"NORTH_SOUTH":"N"}},{"type":"Feature","id":901,"geometry":{"type":"Point","coordinates":[128.121,84.931]},"properties":{"OBJECTID":901,"LONGITUDE":128.121,"LATITUDE":84.931,"YEAR":2029,"NORTH_SOUTH":"N"}},{"type":"Feature","id":902,"geometry":{"type":"Point","coordinates":[126.092,84.7230000000001]},"properties":{"OBJECTID":902,"LONGITUDE":126.092,"LATITUDE":84.723,"YEAR":2030,"NORTH_SOUTH":"N"}},{"type":"Feature","id":903,"geometry":{"type":"Point","coordinates":[135.078,-63.8509999999999]},"properties":{"OBJECTID":903,"LONGITUDE":135.078,"LATITUDE":-63.851,"YEAR":2025,"NORTH_SOUTH":"S"}},{"type":"Feature","id":904,"geometry":{"type":"Point","coordinates":[134.92,-63.812]},"properties":{"OBJECTID":904,"LONGITUDE":134.92,"LATITUDE":-63.812,"YEAR":2026,"NORTH_SOUTH":"S"}},{"type":"Feature","id":905,"geometry":{"type":"Point","coordinates":[134.763,-63.7719999999999]},"properties":{"OBJECTID":905,"LONGITUDE":134.763,"LATITUDE":-63.772,"YEAR":2027,"NORTH_SOUTH":"S"}},{"type":"Feature","id":906,"geometry":{"type":"Point","coordinates":[134.606,-63.7329999999999]},"properties":{"OBJECTID":906,"LONGITUDE":134.606,"LATITUDE":-63.733,"YEAR":2028,"NORTH_SOUTH":"S"}},{"type":"Feature","id":907,"geometry":{"type":"Point","coordinates":[134.449,-63.693]},"properties":{"OBJECTID":907,"LONGITUDE":134.449,"LATITUDE":-63.693,"YEAR":2029,"NORTH_SOUTH":"S"}},{"type":"Feature","id":908,"geometry":{"type":"Point","coordinates":[134.293,-63.6539999999999]},"properties":{"OBJECTID":908,"LONGITUDE":134.293,"LATITUDE":-63.654,"YEAR":2030,"NORTH_SOUTH":"S"}}]}